"","SOC","Occupation","Job Postings","Median Hourly Earnings","Typical Entry Level Education","Pct. 25 Hourly Earnings","Pct. 75 Hourly Earnings","deduplicated"
"1","53-3032","Heavy & Tractor-Trailer Truck Drivers",3353,21.31,"Postsecondary nondegree award","$17.44","$26.31",2682.4
"2","29-1141","Registered Nurses",1511,29.75,"Bachelor's degree","$25.12","$35.06",1208.8
"3","41-2031","Retail Salespersons",974,9.99,"No formal educational credential","$8.92","$12.61",779.2
"4","43-4051","Customer Service Representatives",907,15.41,"High school diploma or equivalent","$12.60","$18.92",725.6
"5","41-4012","Sales Reps, Wholesale & Manufacturing, Non-technical",879,27.57,"High school diploma or equivalent","$18.74","$41.56",703.2
"6","41-1011","Supervisors of Retail Sales Workers",690,15.63,"High school diploma or equivalent","$11.97","$20.37",552
"7","53-7062","Laborers & Freight, Stock, & Material Movers, Hand",631,13.04,"No formal educational credential","$10.95","$16.75",504.8
"8","49-9071","Maintenance & Repair Workers, General",462,18.55,"High school diploma or equivalent","$14.26","$24.02",369.6
"9","15-1199","Computer Occupations, All Other",433,41.06,"Bachelor's degree","$31.35","$51.92",346.4
"10","15-1132","Software Developers, Applications",427,34.93,"Bachelor's degree","$27.44","$43.68",341.6
"11","31-1014","Nursing Assistants",415,12.33,"Postsecondary nondegree award","$10.70","$14.22",332
"12","11-9199","Managers, All Other",414,34.35,"Bachelor's degree","$26.29","$44.93",331.2
"13","35-1012","Supervisors of Food Preparation & Serving Workers",386,13.03,"High school diploma or equivalent","$10.72","$17.57",308.8
"14","43-3031","Bookkeeping, Accounting, & Auditing Clerks",372,17.39,"Some college, no degree","$13.99","$21.07",297.6
"15","43-6014","Secretaries & Administrative Assistants",351,15.31,"High school diploma or equivalent","$12.28","$19.13",280.8
"16","39-9011","Childcare Workers",346,9.02,"High school diploma or equivalent","$8.32","$10.66",276.8
"17","13-1071","Human Resources Specialists",331,23.87,"Bachelor's degree","$18.01","$31.72",264.8
"18","11-9111","Medical & Health Services Managers",326,39.98,"Bachelor's degree","$31.89","$52.54",260.8
"19","35-3021","Food Prep & Serving Workers, Incl. Fast Food",319,9.21,"No formal educational credential","$8.61","$9.81",255.2
"20","43-5081","Stock Clerks & Order Fillers",318,11.6,"No formal educational credential","$9.72","$14.77",254.4
"21","33-9032","Security Guards",317,11.21,"High school diploma or equivalent","$9.41","$13.90",253.6
"22","13-2011","Accountants & Auditors",293,27.94,"Bachelor's degree","$21.93","$36.42",234.4
"23","29-2061","Licensed Practical & Licensed Vocational Nurses",291,19.77,"Postsecondary nondegree award","$17.34","$22.66",232.8
"24","29-1069","Physicians & Surgeons, All Other",268,70.64,"Doctoral or professional degree","$33.17","$85.64",214.4
"25","11-1021","General & Operations Managers",226,37.21,"Bachelor's degree","$24.76","$55.39",180.8
"26","11-2022","Sales Managers",223,42.53,"Bachelor's degree","$29.32","$59.77",178.4
"27","15-1151","Computer User Support Specialists",220,19.99,"Some college, no degree","$15.94","$25.50",176
"28","27-1026","Merchandise Displayers & Window Trimmers",218,13.92,"High school diploma or equivalent","$11.31","$18.45",174.4
"29","13-1111","Management Analysts",203,33.47,"Bachelor's degree","$25.65","$43.27",162.4
"30","35-2014","Cooks, Restaurant",200,9.99,"No formal educational credential","$8.92","$12.43",160
"31","41-2011","Cashiers",198,9.48,"No formal educational credential","$8.74","$10.70",158.4
"32","29-2071","Medical Records & Health Information Technicians",191,16.75,"Postsecondary nondegree award","$13.32","$21.04",152.8
"33","51-9199","Production Workers, All Other",189,10.87,"High school diploma or equivalent","$9.22","$14.94",151.2
"34","53-3033","Light Truck or Delivery Services Drivers",189,16.36,"High school diploma or equivalent","$12.38","$22.20",151.2
"35","53-3031","Driver/Sales Workers",180,10.51,"High school diploma or equivalent","$9.26","$15.84",144
"36","31-9092","Medical Assistants",179,14.19,"Postsecondary nondegree award","$12.31","$16.68",143.2
"37","43-6013","Medical Secretaries",179,14.63,"High school diploma or equivalent","$12.22","$17.41",143.2
"38","37-2012","Maids & Housekeeping Cleaners",172,9.73,"No formal educational credential","$8.80","$11.39",137.6
"39","51-1011","Supervisors of Production & Operating Workers",171,25.64,"High school diploma or equivalent","$19.77","$32.05",136.8
"40","43-1011","Supervisors of Office & Administrative Support Workers",168,23.97,"High school diploma or equivalent","$19.28","$30.47",134.4
"41","11-3031","Financial Managers",166,44.07,"Bachelor's degree","$31.00","$61.99",132.8
"42","29-1123","Physical Therapists",164,40.15,"Doctoral or professional degree","$33.03","$45.46",131.2
"43","41-3021","Insurance Sales Agents",158,21.76,"High school diploma or equivalent","$15.75","$31.30",126.4
"44","43-4171","Receptionists & Information Clerks",149,13.17,"High school diploma or equivalent","$11.03","$15.43",119.2
"45","15-1121","Computer Systems Analysts",148,32.07,"Bachelor's degree","$25.43","$41.27",118.4
"46","13-1161","Market Research Analysts & Marketing Specialists",147,23.82,"Bachelor's degree","$18.71","$33.43",117.6
"47","29-2099","Health Technologists & Technicians, All Other",145,22.8,"High school diploma or equivalent","$17.88","$29.29",116
"48","41-9011","Demonstrators & Product Promoters",145,12.03,"High school diploma or equivalent","$10.51","$14.98",116
"49","29-2052","Pharmacy Technicians",138,14.39,"High school diploma or equivalent","$11.88","$17.34",110.4
"50","39-9021","Personal Care Aides",138,10.29,"No formal educational credential","$9.27","$11.49",110.4
"51","27-2022","Coaches & Scouts",134,11.83,"Bachelor's degree","$9.63","$16.87",107.2
"52","37-2011","Janitors & Cleaners, Except Maids & Housekeeping Cleaners",133,10.71,"No formal educational credential","$9.21","$13.66",106.4
"53","11-9051","Food Service Managers",132,19.99,"High school diploma or equivalent","$16.91","$23.89",105.6
"54","51-9061","Inspectors, Testers, Sorters, Samplers, & Weighers",132,16.58,"High school diploma or equivalent","$12.94","$24.59",105.6
"55","53-6031","Automotive & Watercraft Service Attendants",126,11.79,"No formal educational credential","$10.01","$14.37",100.8
"56","13-2051","Financial Analysts",120,33.1,"Bachelor's degree","$26.13","$45.16",96
"57","15-1141","Database Administrators",119,34.26,"Bachelor's degree","$24.11","$44.18",95.2
"58","35-3031","Waiters & Waitresses",117,9.36,"No formal educational credential","$8.67","$10.19",93.6
"59","49-1011","Supervisors of Mechanics, Installers, & Repairers",117,28.11,"High school diploma or equivalent","$20.86","$36.94",93.6
"60","29-1171","Nurse Practitioners",115,44.34,"Master's degree","$39.50","$49.53",92
"61","43-5061","Production, Planning, & Expediting Clerks",113,21.34,"High school diploma or equivalent","$16.72","$27.04",90.4
"62","51-2092","Team Assemblers",107,16.9,"High school diploma or equivalent","$12.95","$24.27",85.6
"63","43-9061","Office Clerks, General",106,13.94,"High school diploma or equivalent","$10.90","$17.68",84.8
"64","41-9022","Real Estate Sales Agents",105,15.6,"High school diploma or equivalent","$13.08","$19.70",84
"65","11-3051","Industrial Production Managers",104,37.78,"Bachelor's degree","$30.37","$47.39",83.2
"66","43-5071","Shipping, Receiving, & Traffic Clerks",103,14.87,"High school diploma or equivalent","$12.20","$18.75",82.4
"67","29-1051","Pharmacists",101,60.41,"Doctoral or professional degree","$54.29","$68.29",80.8
"68","29-2012","Medical & Clinical Laboratory Technicians",100,19.43,"Associate's degree","$15.56","$23.59",80
"69","11-3121","Human Resources Managers",97,42.66,"Bachelor's degree","$33.45","$53.97",77.6
"70","29-1063","Internists, General",97,102.02,"Doctoral or professional degree","$80.92","$115.40",77.6
"71","11-2021","Marketing Managers",95,46.53,"Bachelor's degree","$34.78","$61.57",76
"72","17-2071","Electrical Engineers",91,40.31,"Bachelor's degree","$33.24","$47.74",72.8
"73","17-2141","Mechanical Engineers",90,37.41,"Bachelor's degree","$29.95","$46.51",72
"74","15-1134","Web Developers",87,22.51,"Associate's degree","$18.97","$28.36",69.6
"75","53-7064","Packers & Packagers, Hand",87,11.19,"No formal educational credential","$9.64","$13.34",69.6
"76","17-2199","Engineers, All Other",86,39.36,"Bachelor's degree","$30.16","$49.49",68.8
"77","15-1142","Network & Computer Systems Administrators",85,31.27,"Bachelor's degree","$24.45","$40.41",68
"78","17-2112","Industrial Engineers",85,34.67,"Bachelor's degree","$28.87","$42.07",68
"79","43-9021","Data Entry Keyers",84,15.82,"High school diploma or equivalent","$12.21","$19.23",67.2
"80","11-3071","Transportation, Storage, & Distribution Managers",82,39.44,"High school diploma or equivalent","$30.41","$50.37",65.6
"81","29-1127","Speech-Language Pathologists",81,38.81,"Master's degree","$31.31","$48.26",64.8
"82","33-9099","Protective Service Workers, All Other",81,18.18,"High school diploma or equivalent","$12.88","$23.78",64.8
"83","53-7051","Industrial Truck & Tractor Operators",81,15.33,"No formal educational credential","$13.15","$18.47",64.8
"84","21-1012","Educational, Guidance, School, & Vocational Counselors",79,25.53,"Master's degree","$18.17","$34.72",63.2
"85","41-3031","Securities, Commodities, & Financial Services Sales Agents",79,23.82,"Bachelor's degree","$15.62","$47.51",63.2
"86","43-4081","Hotel, Motel, & Resort Desk Clerks",76,9.79,"High school diploma or equivalent","$8.92","$11.07",60.8
"87","25-2054","Special Education Teachers, Secondary School",74,28.35,"Bachelor's degree","$23.89","$33.31",59.2
"88","41-4011","Sales Reps, Wholesale & Manufacturing, Technical",74,42.38,"Bachelor's degree","$31.02","$58.92",59.2
"89","43-3071","Tellers",70,13.38,"High school diploma or equivalent","$11.37","$15.57",56
"90","35-9021","Dishwashers",66,9.48,"No formal educational credential","$8.72","$10.54",52.8
"91","15-1143","Computer Network Architects",64,39.93,"Bachelor's degree","$28.49","$53.21",51.2
"92","25-2011","Preschool Teachers, Except Special Education",64,19.63,"Associate's degree","$13.29","$25.64",51.2
"93","49-9021","Heating, Air Conditioning, & Refrigeration Mechanics & Installers",63,18.2,"Postsecondary nondegree award","$15.08","$22.58",50.4
"94","39-9032","Recreation Workers",62,11.47,"High school diploma or equivalent","$9.24","$15.88",49.6
"95","49-3031","Bus & Truck Mechanics & Diesel Engine Specialists",62,20.58,"High school diploma or equivalent","$16.84","$26.06",49.6
"96","43-3051","Payroll & Timekeeping Clerks",61,19.76,"High school diploma or equivalent","$16.49","$23.25",48.8
"97","49-3023","Automotive Service Technicians & Mechanics",58,15.53,"Postsecondary nondegree award","$11.98","$20.09",46.4
"98","29-2055","Surgical Technologists",57,20.76,"Postsecondary nondegree award","$17.78","$24.05",45.6
"99","35-2021","Food Preparation Workers",57,9.83,"No formal educational credential","$8.87","$11.63",45.6
"100","29-1071","Physician Assistants",56,46.89,"Master's degree","$42.74","$52.98",44.8
"101","41-3099","Sales Reps, Services, All Other",56,21.75,"High school diploma or equivalent","$15.86","$31.41",44.8
"102","13-1199","Business Operations Specialists, All Other",55,29.31,"Bachelor's degree","$22.43","$38.71",44
"103","43-4061","Eligibility Interviewers, Government Programs",55,19.06,"High school diploma or equivalent","$16.02","$22.13",44
"104","11-9151","Social & Community Service Managers",54,27.1,"Bachelor's degree","$21.62","$34.32",43.2
"105","23-2011","Paralegals & Legal Assistants",54,22.49,"Associate's degree","$18.63","$27.46",43.2
"106","37-1011","Supervisors of Housekeeping & Janitorial Workers",54,17.29,"High school diploma or equivalent","$13.95","$22.04",43.2
"107","43-4161","Human Resources Assistants, Except Payroll & Timekeeping",54,18.11,"Associate's degree","$14.71","$21.21",43.2
"108","47-2031","Carpenters",54,16.65,"High school diploma or equivalent","$14.34","$19.83",43.2
"109","47-2111","Electricians",54,24.5,"High school diploma or equivalent","$18.80","$31.29",43.2
"110","11-9041","Architectural & Engineering Managers",53,54.61,"Bachelor's degree","$44.44","$64.03",42.4
"111","21-1014","Mental Health Counselors",53,16.84,"Master's degree","$13.95","$20.66",42.4
"112","29-1126","Respiratory Therapists",52,24.57,"Associate's degree","$21.41","$28.55",41.6
"113","29-2053","Psychiatric Technicians",52,13.87,"Postsecondary nondegree award","$11.79","$17.64",41.6
"114","43-5111","Weighers, Measurers, Checkers, & Samplers, Recordkeeping",52,13.45,"High school diploma or equivalent","$10.87","$17.53",41.6
"115","13-1023","Purchasing Agents, Except Wholesale, Retail, & Farm Products",51,24.59,"Bachelor's degree","$19.25","$31.55",40.8
"116","13-1081","Logisticians",51,38.21,"Bachelor's degree","$30.21","$52.41",40.8
"117","13-2072","Loan Officers",51,33.49,"Bachelor's degree","$23.40","$49.44",40.8
"118","25-3099","Teachers & Instructors, All Other",51,20.51,"Bachelor's degree","$16.09","$25.86",40.8
"119","51-4121","Welders, Cutters, Solderers, & Brazers",51,18.66,"High school diploma or equivalent","$15.32","$22.87",40.8
"120","13-1141","Compensation, Benefits, & Job Analysis Specialists",50,27.73,"Bachelor's degree","$22.28","$34.25",40
"121","13-2052","Personal Financial Advisors",48,29.71,"Bachelor's degree","$21.02","$49.58",38.4
"122","11-9021","Construction Managers",47,28.82,"Bachelor's degree","$22.46","$37.34",37.6
"123","19-4099","Life, Physical, & Social Science Technicians, All Other",47,19.48,"Associate's degree","$14.14","$24.94",37.6
"124","35-9031","Hosts & Hostesses, Restaurant, Lounge, & Coffee Shop",47,9.27,"No formal educational credential","$8.64","$9.90",37.6
"125","11-2031","Public Relations & Fundraising Managers",46,35.85,"Bachelor's degree","$27.01","$50.15",36.8
"126","15-1131","Computer Programmers",46,31.25,"Bachelor's degree","$22.96","$37.75",36.8
"127","27-3031","Public Relations Specialists",46,24.82,"Bachelor's degree","$18.38","$30.98",36.8
"128","31-1011","Home Health Aides",46,10.23,"No formal educational credential","$9.07","$11.62",36.8
"129","29-1062","Family & General Practitioners",45,85.45,"Doctoral or professional degree","$71.59","$97.79",36
"130","29-2011","Medical & Clinical Laboratory Technologists",45,29.86,"Bachelor's degree","$25.10","$34.68",36
"131","13-1151","Training & Development Specialists",44,25.57,"Bachelor's degree","$19.40","$33.73",35.2
"132","43-3011","Bill & Account Collectors",44,17.92,"High school diploma or equivalent","$14.21","$22.40",35.2
"133","15-1122","Information Security Analysts",43,35.98,"Bachelor's degree","$25.74","$49.71",34.4
"134","23-1011","Lawyers",43,43.71,"Doctoral or professional degree","$34.06","$57.89",34.4
"135","29-2032","Diagnostic Medical Sonographers",43,29.51,"Associate's degree","$25.36","$34.68",34.4
"136","43-9051","Mail Clerks & Mail Machine Operators, Except Postal Service",43,13.62,"High school diploma or equivalent","$11.12","$16.30",34.4
"137","11-9033","Education Administrators, Postsecondary",42,31.21,"Master's degree","$22.14","$47.24",33.6
"138","17-3029","Engineering Technicians, Except Drafters, All Other",42,25.27,"Associate's degree","$17.18","$32.95",33.6
"139","35-9011","Dining Room & Cafeteria Attendants & Bartender Helpers",42,9.63,"No formal educational credential","$8.79","$11.09",33.6
"140","39-5012","Hairdressers, Hairstylists, & Cosmetologists",42,11.39,"Postsecondary nondegree award","$10.49","$13.08",33.6
"141","41-2022","Parts Salespersons",42,13.95,"No formal educational credential","$10.39","$18.84",33.6
"142","11-9141","Property, Real Estate, & Community Association Managers",40,23.05,"High school diploma or equivalent","$18.18","$30.26",32
"143","17-2041","Chemical Engineers",40,44.19,"Bachelor's degree","$35.66","$53.48",32
"144","43-3021","Billing & Posting Clerks",40,17.04,"High school diploma or equivalent","$14.23","$19.79",32
"145","29-2034","Radiologic Technologists",39,24.88,"Associate's degree","$20.38","$29.16",31.2
"146","31-9093","Medical Equipment Preparers",39,14.97,"High school diploma or equivalent","$12.88","$16.89",31.2
"147","31-9097","Phlebotomists",39,15.22,"Postsecondary nondegree award","$12.44","$17.83",31.2
"148","53-6021","Parking Lot Attendants",39,9.53,"No formal educational credential","$8.73","$11.00",31.2
"149","19-3031","Clinical, Counseling, & School Psychologists",38,29.65,"Doctoral or professional degree","$25.72","$35.18",30.4
"150","29-2041","Emergency Medical Technicians & Paramedics",38,14.45,"Postsecondary nondegree award","$11.65","$18.68",30.4
"151","17-2051","Civil Engineers",37,35.2,"Bachelor's degree","$27.35","$44.61",29.6
"152","51-5112","Printing Press Operators",37,17.81,"High school diploma or equivalent","$14.22","$22.19",29.6
"153","51-3011","Bakers",36,11.12,"No formal educational credential","$9.50","$14.16",28.8
"154","53-1021","Supervisors of Helpers, Laborers, & Material Movers, Hand",36,23.88,"High school diploma or equivalent","$18.29","$31.63",28.8
"155","11-3061","Purchasing Managers",35,45.06,"Bachelor's degree","$34.10","$57.35",28
"156","13-1121","Meeting, Convention, & Event Planners",35,18.66,"Bachelor's degree","$14.99","$23.67",28
"157","17-3023","Electrical & Electronics Engineering Technicians",34,23.66,"Associate's degree","$15.81","$31.43",27.2
"158","21-1029","Social Workers, All Other",34,22.79,"Bachelor's degree","$15.19","$34.50",27.2
"159","43-6011","Executive Secretaries & Executive Administrative Assistants",34,21.72,"High school diploma or equivalent","$17.98","$25.95",27.2
"160","51-9012","Separating, Filtering, Clarifying, Precipitating, & Still Machine Setters, Operators, & Tenders",34,20.66,"High school diploma or equivalent","$17.18","$27.92",27.2
"161","11-1011","Chief Executives",33,73.32,"Bachelor's degree","$51.37","$101.82",26.4
"162","25-2022","Middle School Teachers, Except Special & CTE",33,27.91,"Bachelor's degree","$23.31","$33.07",26.4
"163","31-2021","Physical Therapist Assistants",33,27.49,"Associate's degree","$22.62","$32.09",26.4
"164","31-9094","Medical Transcriptionists",33,17.89,"Postsecondary nondegree award","$15.50","$21.26",26.4
"165","41-1012","Supervisors of Non-Retail Sales Workers",33,28.41,"High school diploma or equivalent","$20.42","$38.67",26.4
"166","11-3011","Administrative Services Managers",32,35.42,"Bachelor's degree","$26.23","$46.40",25.6
"167","13-1031","Claims Adjusters, Examiners, & Investigators",32,26.01,"High school diploma or equivalent","$20.05","$33.67",25.6
"168","13-2099","Financial Specialists, All Other",32,28.47,"Bachelor's degree","$21.45","$36.03",25.6
"169","21-1091","Health Educators",32,27.21,"Bachelor's degree","$20.16","$34.85",25.6
"170","43-9199","Office & Administrative Support Workers, All Other",32,16.83,"High school diploma or equivalent","$13.18","$21.21",25.6
"171","51-6011","Laundry & Dry-Cleaning Workers",32,10.12,"No formal educational credential","$9.09","$11.73",25.6
"172","29-1031","Dietitians & Nutritionists",30,27.05,"Bachelor's degree","$23.13","$30.36",24
"173","49-2097","Electronic Home Entertainment Equipment Installers & Repairers",30,17.47,"Postsecondary nondegree award","$14.30","$22.10",24
"174","51-4031","Cutting, Punching, & Press Machine Setters, Operators, & Tenders, Metal & Plastic",30,23.09,"High school diploma or equivalent","$15.65","$29.13",24
"175","13-1041","Compliance Officers",29,26.22,"Bachelor's degree","$20.53","$34.59",23.2
"176","25-9041","Teacher Assistants",29,14.1,"Some college, no degree","$11.73","$17.36",23.2
"177","43-9111","Statistical Assistants",29,18.45,"Bachelor's degree","$15.59","$21.24",23.2
"178","47-2152","Plumbers, Pipefitters, & Steamfitters",29,21.93,"High school diploma or equivalent","$15.89","$30.02",23.2
"179","11-9032","Education Administrators, Elementary & Secondary School",28,45.24,"Master's degree","$38.29","$53.22",22.4
"180","15-2011","Actuaries",27,41.9,"Bachelor's degree","$32.28","$57.84",21.6
"181","29-1064","Obstetricians & Gynecologists",27,102.42,"Doctoral or professional degree","$90.63","$130.59",21.6
"182","29-2031","Cardiovascular Technologists & Technicians",27,25.64,"Associate's degree","$16.89","$34.02",21.6
"183","35-2015","Cooks, Short Order",27,10.03,"No formal educational credential","$8.98","$11.39",21.6
"184","37-3011","Landscaping & Groundskeeping Workers",27,11.67,"No formal educational credential","$10.20","$13.53",21.6
"185","47-2061","Construction Laborers",27,15.53,"No formal educational credential","$13.02","$18.70",21.6
"186","11-9081","Lodging Managers",26,18.72,"High school diploma or equivalent","$15.43","$24.96",20.8
"187","27-1024","Graphic Designers",26,19.6,"Bachelor's degree","$15.84","$24.49",20.8
"188","29-1122","Occupational Therapists",26,39.26,"Master's degree","$33.03","$45.60",20.8
"189","35-1011","Chefs & Head Cooks",26,16.65,"High school diploma or equivalent","$14.48","$21.50",20.8
"190","49-9041","Industrial Machinery Mechanics",26,22.88,"High school diploma or equivalent","$18.94","$27.99",20.8
"191","49-9098","Helpers--Installation, Maintenance, & Repair Workers",26,13.15,"High school diploma or equivalent","$10.54","$16.88",20.8
"192","13-2082","Tax Preparers",25,19.17,"High school diploma or equivalent","$14.82","$28.10",20
"193","21-1093","Social & Human Service Assistants",25,13.44,"High school diploma or equivalent","$10.86","$16.60",20
"194","29-1066","Psychiatrists",25,99.4,"Doctoral or professional degree","$83.44","$110.86",20
"195","35-3041","Food Servers, Nonrestaurant",25,9.79,"No formal educational credential","$8.83","$11.53",20
"196","39-9041","Residential Advisors",25,10.59,"High school diploma or equivalent","$9.16","$12.08",20
"197","41-9099","Sales & Related Workers, All Other",25,14.68,"High school diploma or equivalent","$12.04","$17.75",20
"198","17-1011","Architects, Except Landscape & Naval",24,29.21,"Bachelor's degree","$24.74","$38.06",19.2
"199","31-9095","Pharmacy Aides",24,10.13,"High school diploma or equivalent","$9.09","$11.23",19.2
"200","35-3011","Bartenders",24,9.38,"No formal educational credential","$8.69","$10.22",19.2
"201","35-3022","Counter Attendants, Cafeteria, Food Concession, & Coffee Shop",24,9.52,"No formal educational credential","$8.76","$10.66",19.2
"202","43-5032","Dispatchers, Except Police, Fire, & Ambulance",24,18.6,"High school diploma or equivalent","$14.49","$23.46",19.2
"203","51-3021","Butchers & Meat Cutters",24,15.28,"No formal educational credential","$12.65","$18.69",19.2
"204","53-1031","Supervisors of Transportation & Material-Moving Machine & Vehicle Operators",24,26.85,"High school diploma or equivalent","$21.42","$34.69",19.2
"205","11-3131","Training & Development Managers",23,41.56,"Bachelor's degree","$33.07","$53.60",18.4
"206","19-1042","Medical Scientists, Except Epidemiologists",23,24.05,"Doctoral or professional degree","$20.26","$28.79",18.4
"207","43-6012","Legal Secretaries",23,17.77,"High school diploma or equivalent","$14.58","$21.69",18.4
"208","15-2031","Operations Research Analysts",22,33.45,"Bachelor's degree","$27.35","$39.30",17.6
"209","25-2031","Secondary School Teachers, Except Special & CTE",22,28.15,"Bachelor's degree","$23.19","$33.68",17.6
"210","29-1061","Anesthesiologists",22,102.15,"Doctoral or professional degree","$95.24","$136.58",17.6
"211","43-9041","Insurance Claims & Policy Processing Clerks",22,16.16,"High school diploma or equivalent","$13.51","$18.48",17.6
"212","49-9051","Electrical Power-Line Installers & Repairers",22,25.59,"High school diploma or equivalent","$20.86","$30.43",17.6
"213","25-1194",NA,21,NA,NA,NA,NA,16.8
"214","33-9092","Lifeguards, Ski Patrol, & Other Recreational Protective Service Workers",21,9.26,"No formal educational credential","$8.63","$9.96",16.8
"215","41-2021","Counter & Rental Clerks",21,9.98,"No formal educational credential","$8.89","$13.80",16.8
"216","43-3061","Procurement Clerks",21,19.38,"High school diploma or equivalent","$15.85","$22.75",16.8
"217","51-9198","Helpers--Production Workers",21,11.82,"No formal educational credential","$10.22","$14.40",16.8
"218","13-1051","Cost Estimators",20,28.64,"Bachelor's degree","$22.14","$36.78",16
"219","21-2011","Clergy",20,21.38,"Bachelor's degree","$17.11","$25.75",16
"220","31-9091","Dental Assistants",20,18.11,"Postsecondary nondegree award","$14.85","$21.25",16
"221","39-9031","Fitness Trainers & Aerobics Instructors",20,15.03,"High school diploma or equivalent","$10.76","$19.22",16
"222","49-2098","Security & Fire Alarm Systems Installers",20,18.49,"High school diploma or equivalent","$15.05","$21.77",16
"223","49-9031","Home Appliance Repairers",20,14.48,"High school diploma or equivalent","$11.72","$16.89",16
"224","11-3021","Computer & Information Systems Managers",19,51.5,"Bachelor's degree","$40.24","$65.50",15.2
"225","37-2021","Pest Control Workers",19,13.31,"High school diploma or equivalent","$11.50","$15.83",15.2
"226","43-4131","Loan Interviewers & Clerks",19,16.63,"High school diploma or equivalent","$13.22","$20.53",15.2
"227","53-7061","Cleaners of Vehicles & Equipment",19,10.5,"No formal educational credential","$9.24","$12.82",15.2
"228","17-3019","Drafters, All Other",18,18.61,"Associate's degree","$16.55","$22.66",14.4
"229","25-1199",NA,18,NA,NA,NA,NA,14.4
"230","27-3022","Reporters & Correspondents",18,19.36,"Bachelor's degree","$14.20","$28.17",14.4
"231","31-1015","Orderlies",18,10.96,"High school diploma or equivalent","$9.83","$12.51",14.4
"232","33-9021","Private Detectives & Investigators",18,20.53,"High school diploma or equivalent","$17.94","$25.89",14.4
"233","43-4151","Order Clerks",17,15.39,"High school diploma or equivalent","$12.53","$18.82",13.6
"234","49-2022","Telecommunications Equipment Installers & Repairers, Except Line Installers",17,22.84,"Postsecondary nondegree award","$16.53","$30.15",13.6
"235","49-3093","Tire Repairers & Changers",17,12,"High school diploma or equivalent","$10.56","$14.23",13.6
"236","27-1029","Designers, All Other",16,21.51,"Bachelor's degree","$16.80","$27.27",12.8
"237","27-3041","Editors",16,21.1,"Bachelor's degree","$17.32","$28.06",12.8
"238","27-3043","Writers & Authors",16,17.41,"Bachelor's degree","$14.50","$20.90",12.8
"239","39-3093","Locker Room, Coatroom, & Dressing Room Attendants",16,10.27,"High school diploma or equivalent","$9.20","$12.70",12.8
"240","49-9052","Telecommunications Line Installers & Repairers",16,22.51,"High school diploma or equivalent","$16.49","$28.09",12.8
"241","11-9031","Education Administrators, Preschool & Childcare Center/Program",15,19.06,"Bachelor's degree","$15.99","$24.58",12
"242","15-2041","Statisticians",15,36.91,"Master's degree","$31.32","$46.02",12
"243","17-2111","Health & Safety Engineers, Except Mining Safety Engineers & Inspectors",15,33.04,"Bachelor's degree","$25.31","$39.34",12
"244","27-4021","Photographers",15,14.64,"High school diploma or equivalent","$12.51","$18.29",12
"245","31-2011","Occupational Therapy Assistants",15,27.66,"Associate's degree","$22.72","$32.46",12
"246","39-2021","Nonfarm Animal Caretakers",15,10.03,"High school diploma or equivalent","$9.00","$12.26",12
"247","51-2011","Aircraft Structure, Surfaces, Rigging, & Systems Assemblers",15,23.17,"High school diploma or equivalent","$18.28","$30.11",12
"248","21-1022","Healthcare Social Workers",14,22.26,"Master's degree","$17.89","$26.84",11.2
"249","25-3021","Self-Enrichment Education Teachers",14,16.17,"High school diploma or equivalent","$13.00","$18.93",11.2
"250","27-2012","Producers & Directors",14,22.62,"Bachelor's degree","$17.81","$30.63",11.2
"251","29-1021","Dentists, General",14,71.31,"Doctoral or professional degree","$59.60","$85.51",11.2
"252","29-1067","Surgeons",14,103.95,"Doctoral or professional degree","$101.00","$138.54",11.2
"253","29-2021","Dental Hygienists",14,31.09,"Associate's degree","$27.56","$35.11",11.2
"254","29-9011","Occupational Health & Safety Specialists",14,31.84,"Bachelor's degree","$23.70","$42.68",11.2
"255","43-5021","Couriers & Messengers",14,11.25,"High school diploma or equivalent","$9.97","$13.38",11.2
"256","49-2092","Electric Motor, Power Tool, & Related Repairers",14,19.04,"Postsecondary nondegree award","$15.36","$22.19",11.2
"257","11-3111","Compensation & Benefits Managers",13,48.98,"Bachelor's degree","$34.43","$63.59",10.4
"258","13-2041","Credit Analysts",13,33.65,"Bachelor's degree","$25.40","$50.93",10.4
"259","25-2059","Special Education Teachers, All Other",13,25.33,"Bachelor's degree","$19.36","$30.28",10.4
"260","27-3091","Interpreters & Translators",13,22.36,"Bachelor's degree","$19.21","$27.25",10.4
"261","29-1151","Nurse Anesthetists",13,83.49,"Master's degree","$68.48","$98.90",10.4
"262","29-9091","Athletic Trainers",13,20.36,"Bachelor's degree","$17.19","$25.24",10.4
"263","41-3011","Advertising Sales Agents",13,21.25,"High school diploma or equivalent","$15.71","$30.98",10.4
"264","49-3042","Mobile Heavy Equipment Mechanics, Except Engines",13,21.81,"High school diploma or equivalent","$18.05","$25.84",10.4
"265","53-3041","Taxi Drivers & Chauffeurs",13,9.9,"No formal educational credential","$9.07","$11.59",10.4
"266","17-3013","Mechanical Drafters",12,22.29,"Associate's degree","$18.61","$26.70",9.6
"267","21-1013","Marriage & Family Therapists",12,16.57,"Master's degree","$11.62","$20.70",9.6
"268","25-9031","Instructional Coordinators",12,27.26,"Master's degree","$21.60","$36.22",9.6
"269","27-1025","Interior Designers",12,24.45,"Bachelor's degree","$18.46","$29.79",9.6
"270","29-1125","Recreational Therapists",12,19.78,"Bachelor's degree","$16.35","$24.00",9.6
"271","31-9099","Healthcare Support Workers, All Other",12,14.36,"High school diploma or equivalent","$11.57","$18.46",9.6
"272","33-1099","Supervisors of Protective Service Workers, All Other",12,17.97,"High school diploma or equivalent","$13.39","$23.15",9.6
"273","41-3041","Travel Agents",12,13.72,"High school diploma or equivalent","$10.84","$17.83",9.6
"274","49-3021","Automotive Body & Related Repairers",12,20.74,"High school diploma or equivalent","$16.22","$25.52",9.6
"275","49-9012","Control & Valve Installers & Repairers, Except Mechanical Door",12,20.7,"High school diploma or equivalent","$15.72","$27.88",9.6
"276","49-9099","Installation, Maintenance, & Repair Workers, All Other",12,14.91,"High school diploma or equivalent","$11.67","$19.06",9.6
"277","51-4041","Machinists",12,21.71,"High school diploma or equivalent","$16.96","$26.37",9.6
"278","51-9111","Packaging & Filling Machine Operators & Tenders",12,14.81,"High school diploma or equivalent","$11.56","$17.96",9.6
"279","15-1152","Computer Network Support Specialists",11,24.09,"Associate's degree","$19.26","$29.95",8.8
"280","21-1019","Counselors, All Other",11,20.69,"Master's degree","$14.59","$25.69",8.8
"281","31-2012","Occupational Therapy Aides",11,12.93,"High school diploma or equivalent","$10.81","$16.59",8.8
"282","41-9031","Sales Engineers",11,31.04,"Bachelor's degree","$23.76","$40.69",8.8
"283","41-9041","Telemarketers",11,11.37,"No formal educational credential","$10.00","$13.59",8.8
"284","11-9121","Natural Sciences Managers",10,51.96,"Bachelor's degree","$40.16","$64.70",8
"285","27-3042","Technical Writers",10,28.64,"Bachelor's degree","$23.16","$35.28",8
"286","27-4012","Broadcast Technicians",10,12.68,"Associate's degree","$9.24","$20.62",8
"287","39-1021","Supervisors of Personal Service Workers",10,14.82,"High school diploma or equivalent","$11.88","$18.34",8
"288","43-2021","Telephone Operators",10,15.36,"High school diploma or equivalent","$11.89","$21.47",8
"289","43-4071","File Clerks",10,12.17,"High school diploma or equivalent","$10.06","$15.03",8
"290","49-3011","Aircraft Mechanics & Service Technicians",10,49.04,"Postsecondary nondegree award","$28.59","$56.27",8
"291","49-9062","Medical Equipment Repairers",10,17.39,"Associate's degree","$13.55","$24.44",8
"292","53-2012","Commercial Pilots",10,35.8,"High school diploma or equivalent","$22.00","$43.04",8
"293","19-3022","Survey Researchers",9,26.81,"Master's degree","$18.94","$38.41",7.2
"294","19-4092","Forensic Science Technicians",9,26.51,"Bachelor's degree","$20.87","$31.34",7.2
"295","29-1081","Podiatrists",9,49.83,"Doctoral or professional degree","$36.93","$80.42",7.2
"296","29-2035","Magnetic Resonance Imaging Technologists",9,29.98,"Associate's degree","$26.09","$34.72",7.2
"297","47-1011","Supervisors of Construction Trades & Extraction Workers",9,25.8,"High school diploma or equivalent","$20.73","$31.91",7.2
"298","49-2011","Computer, Automated Teller, & Office Machine Repairers",9,14.85,"Some college, no degree","$11.68","$18.63",7.2
"299","51-4011","Computer-Controlled Machine Tool Operators, Metal & Plastic",9,16.95,"High school diploma or equivalent","$13.91","$20.47",7.2
"300","53-7021","Crane & Tower Operators",9,24.21,"High school diploma or equivalent","$16.25","$30.27",7.2
"301","53-7199","Material Moving Workers, All Other",9,19.83,"No formal educational credential","$13.32","$24.22",7.2
"302","13-2053","Insurance Underwriters",8,26.7,"Bachelor's degree","$20.71","$34.54",6.4
"303","17-2081","Environmental Engineers",8,33.56,"Bachelor's degree","$27.56","$40.05",6.4
"304","19-4031","Chemical Technicians",8,19.84,"Associate's degree","$14.30","$29.87",6.4
"305","19-4041","Geological & Petroleum Technicians",8,25.51,"Associate's degree","$18.63","$35.06",6.4
"306","21-1023","Mental Health & Substance Abuse Social Workers",8,18.67,"Bachelor's degree","$15.62","$22.81",6.4
"307","25-1071",NA,8,NA,NA,NA,NA,6.4
"308","25-1072",NA,8,NA,NA,NA,NA,6.4
"309","25-1123",NA,8,NA,NA,NA,NA,6.4
"310","27-4011","Audio & Video Equipment Technicians",8,20.67,"Postsecondary nondegree award","$16.22","$23.75",6.4
"311","33-3021","Detectives & Criminal Investigators",8,25.17,"High school diploma or equivalent","$20.49","$48.69",6.4
"312","33-3051","Police & Sheriff's Patrol Officers",8,22.53,"High school diploma or equivalent","$18.66","$26.51",6.4
"313","43-5011","Cargo & Freight Agents",8,23.52,"High school diploma or equivalent","$16.30","$29.32",6.4
"314","47-2141","Painters, Construction & Maintenance",8,15.91,"No formal educational credential","$14.01","$17.93",6.4
"315","49-2094","Electrical & Electronics Repairers, Commercial & Industrial Equipment",8,24.8,"Postsecondary nondegree award","$18.97","$28.95",6.4
"316","51-4111","Tool & Die Makers",8,25.13,"High school diploma or equivalent","$20.87","$30.55",6.4
"317","51-6031","Sewing Machine Operators",8,12.65,"No formal educational credential","$10.48","$15.47",6.4
"318","51-9032","Cutting & Slicing Machine Setters, Operators, & Tenders",8,16.69,"High school diploma or equivalent","$13.36","$19.40",6.4
"319","11-9161","Emergency Management Directors",7,18.38,"Bachelor's degree","$14.13","$24.84",5.6
"320","17-2131","Materials Engineers",7,39.71,"Bachelor's degree","$30.73","$49.68",5.6
"321","21-1011","Substance Abuse & Behavioral Disorder Counselors",7,14.5,"Bachelor's degree","$12.50","$18.39",5.6
"322","21-1021","Child, Family, & School Social Workers",7,17.1,"Bachelor's degree","$14.46","$20.80",5.6
"323","27-1022","Fashion Designers",7,26.66,"Bachelor's degree","$20.28","$33.13",5.6
"324","29-1131","Veterinarians",7,37.61,"Doctoral or professional degree","$31.01","$45.92",5.6
"325","29-1199","Health Diagnosing & Treating Practitioners, All Other",7,31.21,"Master's degree","$25.88","$39.01",5.6
"326","31-9096","Veterinary Assistants & Laboratory Animal Caretakers",7,10.7,"High school diploma or equivalent","$9.14","$12.65",5.6
"327","39-6012","Concierges",7,10.82,"High school diploma or equivalent","$9.34","$12.94",5.6
"328","43-9011","Computer Operators",7,19.47,"High school diploma or equivalent","$16.16","$24.38",5.6
"329","47-5071","Roustabouts, Oil & Gas",7,14.96,"No formal educational credential","$12.18","$18.33",5.6
"330","55-1019",NA,7,NA,NA,NA,NA,5.6
"331","13-2071","Credit Counselors",6,20.26,"Bachelor's degree","$17.11","$25.45",4.8
"332","15-1111","Computer & Information Research Scientists",6,40.19,"Doctoral or professional degree","$32.25","$49.94",4.8
"333","17-3022","Civil Engineering Technicians",6,20.57,"Associate's degree","$16.27","$25.34",4.8
"334","19-2031","Chemists",6,32.04,"Bachelor's degree","$25.25","$41.38",4.8
"335","19-2041","Environmental Scientists & Specialists, Including Health",6,26.79,"Bachelor's degree","$22.16","$34.88",4.8
"336","19-4091","Environmental Science & Protection Technicians, Including Health",6,23.09,"Associate's degree","$17.70","$32.01",4.8
"337","25-1011",NA,6,NA,NA,NA,NA,4.8
"338","25-2053","Special Education Teachers, Middle School",6,26.24,"Bachelor's degree","$22.18","$31.17",4.8
"339","29-1124","Radiation Therapists",6,42.11,"Associate's degree","$34.60","$48.56",4.8
"340","29-2051","Dietetic Technicians",6,12.77,"Associate's degree","$11.09","$14.78",4.8
"341","29-2092","Hearing Aid Specialists",6,26.86,"High school diploma or equivalent","$19.56","$34.09",4.8
"342","31-9011","Massage Therapists",6,17.15,"Postsecondary nondegree award","$14.19","$20.77",4.8
"343","33-9093","Transportation Security Screeners",6,18.66,"High school diploma or equivalent","$17.90","$20.21",4.8
"344","37-3012","Pesticide Handlers, Sprayers, & Applicators, Vegetation",6,15.17,"High school diploma or equivalent","$13.59","$16.70",4.8
"345","47-2073","Operating Engineers & Other Construction Equipment Operators",6,20.94,"High school diploma or equivalent","$16.78","$26.83",4.8
"346","47-2081","Drywall & Ceiling Tile Installers",6,15.69,"No formal educational credential","$13.33","$20.44",4.8
"347","47-2181","Roofers",6,15.62,"No formal educational credential","$13.50","$17.46",4.8
"348","49-3091","Bicycle Repairers",6,12.76,"High school diploma or equivalent","$10.84","$15.12",4.8
"349","51-7011","Cabinetmakers & Bench Carpenters",6,15.71,"High school diploma or equivalent","$12.91","$20.55",4.8
"350","13-1022","Wholesale & Retail Buyers, Except Farm Products",5,23.91,"Bachelor's degree","$18.89","$33.50",4
"351","13-2021","Appraisers & Assessors of Real Estate",5,26.65,"Bachelor's degree","$17.14","$33.91",4
"352","19-1022","Microbiologists",5,27.35,"Bachelor's degree","$22.12","$35.44",4
"353","23-2093","Title Examiners, Abstractors, & Searchers",5,18.55,"High school diploma or equivalent","$16.98","$20.64",4
"354","25-1122",NA,5,NA,NA,NA,NA,4
"355","27-1021","Commercial & Industrial Designers",5,29.8,"Bachelor's degree","$24.25","$39.07",4
"356","27-2041","Music Directors & Composers",5,13.07,"Bachelor's degree","$10.51","$22.91",4
"357","27-3011","Radio & Television Announcers",5,13.69,"Bachelor's degree","$10.92","$17.34",4
"358","29-2057","Ophthalmic Medical Technicians",5,19.72,"Postsecondary nondegree award","$16.89","$22.61",4
"359","31-2022","Physical Therapist Aides",5,13.13,"High school diploma or equivalent","$10.33","$17.01",4
"360","33-3012","Correctional Officers & Jailers",5,14.26,"High school diploma or equivalent","$12.41","$18.94",4
"361","35-2012","Cooks, Institution & Cafeteria",5,12.52,"No formal educational credential","$10.70","$14.56",4
"362","43-2011","Switchboard Operators, Including Answering Service",5,11.95,"High school diploma or equivalent","$10.04","$15.09",4
"363","47-2211","Sheet Metal Workers",5,21.24,"High school diploma or equivalent","$16.88","$28.16",4
"364","47-4011","Construction & Building Inspectors",5,23.17,"High school diploma or equivalent","$19.80","$28.94",4
"365","51-2022","Electrical & Electronic Equipment Assemblers",5,12.75,"High school diploma or equivalent","$10.45","$16.14",4
"366","51-5111","Prepress Technicians & Workers",5,18.77,"Postsecondary nondegree award","$15.18","$23.85",4
"367","51-5113","Print Binding & Finishing Workers",5,15.32,"High school diploma or equivalent","$11.68","$20.17",4
"368","51-6042","Shoe Machine Operators & Tenders",5,0,"High school diploma or equivalent","Insf. Data","Insf. Data",4
"369","51-8092","Gas Plant Operators",5,36.95,"High school diploma or equivalent","$31.19","$42.16",4
"370","51-9023","Mixing & Blending Machine Setters, Operators, & Tenders",5,17.46,"High school diploma or equivalent","$14.35","$21.32",4
"371","51-9151","Photographic Process Workers & Processing Machine Operators",5,14.26,"High school diploma or equivalent","$12.56","$16.33",4
"372","53-2021","Air Traffic Controllers",5,62.38,"Associate's degree","$46.52","$76.65",4
"373","53-3099","Motor Vehicle Operators, All Other",5,17.87,"No formal educational credential","$11.73","$21.34",4
"374","53-5011","Sailors & Marine Oilers",5,21.66,"No formal educational credential","$16.18","$27.95",4
"375","55-3019",NA,5,NA,NA,NA,NA,4
"376","13-1131","Fundraisers",4,21.95,"Bachelor's degree","$16.57","$29.04",3.2
"377","17-3011","Architectural & Civil Drafters",4,22.62,"Associate's degree","$18.19","$28.95",3.2
"378","17-3031","Surveying & Mapping Technicians",4,18.77,"High school diploma or equivalent","$16.01","$23.65",3.2
"379","19-3051","Urban & Regional Planners",4,21.11,"Master's degree","$15.05","$26.56",3.2
"380","23-1012","Judicial Law Clerks",4,0,"Doctoral or professional degree","Insf. Data","Insf. Data",3.2
"381","25-1081",NA,4,NA,NA,NA,NA,3.2
"382","25-2012","Kindergarten Teachers, Except Special Education",4,28.42,"Bachelor's degree","$23.96","$33.31",3.2
"383","25-4021","Librarians",4,29.05,"Master's degree","$22.93","$34.87",3.2
"384","27-1011","Art Directors",4,28.19,"Bachelor's degree","$22.41","$33.83",3.2
"385","27-4014","Sound Engineering Technicians",4,20.74,"Postsecondary nondegree award","$16.21","$28.46",3.2
"386","27-4031","Camera Operators, Television, Video, & Motion Picture",4,16.18,"Bachelor's degree","$13.50","$18.41",3.2
"387","29-1041","Optometrists",4,52.26,"Doctoral or professional degree","$43.75","$61.32",3.2
"388","29-1128","Exercise Physiologists",4,22.64,"Bachelor's degree","$19.66","$25.54",3.2
"389","29-1181","Audiologists",4,29.34,"Doctoral or professional degree","$26.65","$33.10",3.2
"390","39-1011","GamingSupervisors",4,25.38,"High school diploma or equivalent","$21.34","$29.12",3.2
"391","39-2011","Animal Trainers",4,15.17,"High school diploma or equivalent","$12.01","$18.26",3.2
"392","39-3091","Amusement & Recreation Attendants",4,9.26,"No formal educational credential","$8.66","$9.87",3.2
"393","39-6011","Baggage Porters & Bellhops",4,9.41,"High school diploma or equivalent","$8.74","$10.29",3.2
"394","43-4011","Brokerage Clerks",4,18.47,"High school diploma or equivalent","$16.17","$21.95",3.2
"395","43-4111","Interviewers, Except Eligibility & Loan",4,15.36,"High school diploma or equivalent","$12.92","$18.03",3.2
"396","45-2092","Farmworkers & Laborers, Crop, Nursery, & Greenhouse",4,13.33,"No formal educational credential","$10.48","$15.45",3.2
"397","45-4029","Logging Workers, All Other",4,0,"High school diploma or equivalent","Insf. Data","Insf. Data",3.2
"398","47-2221","Structural Iron & Steel Workers",4,21.85,"High school diploma or equivalent","$16.67","$26.79",3.2
"399","51-6064","Textile Winding, Twisting, & Drawing Out Machine Setters, Operators, & Tenders",4,12.06,"High school diploma or equivalent","$10.28","$13.74",3.2
"400","51-7041","Sawing Machine Setters, Operators, & Tenders, Wood",4,12.05,"High school diploma or equivalent","$10.37","$14.51",3.2
"401","51-8093","Petroleum Pump System Operators, Refinery Operators, & Gaugers",4,33.71,"High school diploma or equivalent","$27.47","$40.64",3.2
"402","51-9081","Dental Laboratory Technicians",4,16.95,"High school diploma or equivalent","$12.69","$22.00",3.2
"403","51-9197","Tire Builders",4,17.99,"High school diploma or equivalent","$14.56","$23.26",3.2
"404","11-9013","Farmers, Ranchers, & Other Agricultural Managers",3,10.54,"High school diploma or equivalent","$9.22","$11.84",2.4
"405","11-9039","Education Administrators, All Other",3,32.54,"Bachelor's degree","$27.40","$39.76",2.4
"406","13-2031","Budget Analysts",3,31.2,"Bachelor's degree","$25.96","$39.25",2.4
"407","15-1133","Software Developers, Systems Software",3,41.89,"Bachelor's degree","$34.65","$48.56",2.4
"408","17-3012","Electrical & Electronics Drafters",3,28.71,"Associate's degree","$23.00","$37.44",2.4
"409","17-3026","Industrial Engineering Technicians",3,24.5,"Associate's degree","$19.53","$32.35",2.4
"410","17-3027","Mechanical Engineering Technicians",3,20.48,"Associate's degree","$16.89","$25.08",2.4
"411","19-1013","Soil & Plant Scientists",3,26.05,"Bachelor's degree","$20.66","$31.31",2.4
"412","19-1023","Zoologists & Wildlife Biologists",3,18.41,"Bachelor's degree","$15.72","$21.62",2.4
"413","19-3039","Psychologists, All Other",3,41.09,"Master's degree","$33.13","$44.81",2.4
"414","21-1094","Community Health Workers",3,18.48,"High school diploma or equivalent","$14.55","$23.67",2.4
"415","21-1099","Community & Social Service Specialists, All Other",3,16.55,"Master's degree","$13.91","$20.21",2.4
"416","21-2021","Directors, Religious Activities & Education",3,25.01,"Bachelor's degree","$17.30","$33.51",2.4
"417","25-1022",NA,3,NA,NA,NA,NA,2.4
"418","25-1111",NA,3,NA,NA,NA,NA,2.4
"419","25-2021","Elementary School Teachers, Except Special Education",3,28.18,"Bachelor's degree","$23.40","$33.40",2.4
"420","25-9021","Farm & Home Management Advisors",3,26.08,"Master's degree","$21.64","$31.63",2.4
"421","27-1014","Multimedia Artists & Animators",3,16.36,"Bachelor's degree","$13.71","$21.95",2.4
"422","27-2023","Umpires, Referees, & Other Sports Officials",3,14.86,"High school diploma or equivalent","$10.79","$25.30",2.4
"423","29-9012","Occupational Health & Safety Technicians",3,20.41,"High school diploma or equivalent","$15.51","$25.59",2.4
"424","41-9091","Door-to-Door Sales Workers, News & Street Vendors, & Related Workers",3,8.94,"No formal educational credential","$8.08","$9.74",2.4
"425","43-4031","Court, Municipal, & License Clerks",3,15.43,"High school diploma or equivalent","$13.84","$18.51",2.4
"426","43-5041","Meter Readers, Utilities",3,13.85,"High school diploma or equivalent","$10.44","$19.17",2.4
"427","43-5053","Postal Service Mail Sorters, Processors, & Processing Machine Operators",3,27.79,"High school diploma or equivalent","$21.80","$27.84",2.4
"428","45-4023","Log Graders & Scalers",3,0,"High school diploma or equivalent","Insf. Data","Insf. Data",2.4
"429","47-2051","Cement Masons & Concrete Finishers",3,16.84,"No formal educational credential","$14.08","$20.36",2.4
"430","47-2121","Glaziers",3,17.3,"High school diploma or equivalent","$14.41","$21.39",2.4
"431","47-4031","Fence Erectors",3,13.57,"No formal educational credential","$11.98","$15.18",2.4
"432","47-4041","Hazardous Materials Removal Workers",3,14.91,"High school diploma or equivalent","$12.26","$20.76",2.4
"433","47-4099","Construction & Related Workers, All Other",3,16.15,"High school diploma or equivalent","$14.37","$17.90",2.4
"434","51-3092","Food Batchmakers",3,12.84,"High school diploma or equivalent","$10.57","$16.48",2.4
"435","51-4021","Extruding & Drawing Machine Setters, Operators, & Tenders, Metal & Plastic",3,16.76,"High school diploma or equivalent","$11.96","$21.25",2.4
"436","51-4033","Grinding, Lapping, Polishing, & Buffing Machine Tool Setters, Operators, & Tenders, Metal & Plastic",3,13.65,"High school diploma or equivalent","$11.16","$17.91",2.4
"437","51-8013","Power Plant Operators",3,36.35,"High school diploma or equivalent","$29.35","$41.17",2.4
"438","51-9021","Crushing, Grinding, & Polishing Machine Setters, Operators, & Tenders",3,15.53,"High school diploma or equivalent","$11.38","$19.55",2.4
"439","51-9195","Molders, Shapers, & Casters, Except Metal & Plastic",3,12.07,"High school diploma or equivalent","$10.15","$14.60",2.4
"440","53-2022","Airfield Operations Specialists",3,30.61,"High school diploma or equivalent","$24.44","$44.34",2.4
"441","53-5021","Captains, Mates, & Pilots of Water Vessels",3,35.59,"Postsecondary nondegree award","$32.45","$38.66",2.4
"442","53-6051","Transportation Inspectors",3,45.49,"High school diploma or equivalent","$34.30","$58.72",2.4
"443","53-7063","Machine Feeders & Offbearers",3,16.79,"No formal educational credential","$13.55","$20.39",2.4
"444","53-7121","Tank Car, Truck, & Ship Loaders",3,18.01,"No formal educational credential","$14.78","$23.37",2.4
"445","13-1021","Buyers & Purchasing Agents, Farm Products",2,28.01,"Bachelor's degree","$21.82","$36.55",1.6
"446","13-1032","Insurance Appraisers, Auto Damage",2,24.25,"Postsecondary nondegree award","$19.70","$27.78",1.6
"447","13-2061","Financial Examiners",2,28.42,"Bachelor's degree","$22.79","$36.17",1.6
"448","17-2061","Computer Hardware Engineers",2,34.37,"Bachelor's degree","$23.50","$47.63",1.6
"449","17-3024","Electro-Mechanical Technicians",2,20.16,"Associate's degree","$15.66","$24.84",1.6
"450","19-1012","Food Scientists & Technologists",2,31.27,"Bachelor's degree","$22.92","$40.91",1.6
"451","19-1020",NA,2,NA,NA,NA,NA,1.6
"452","19-1029","Biological Scientists, All Other",2,28.57,"Bachelor's degree","$22.24","$36.32",1.6
"453","19-2042","Geoscientists, Except Hydrologists & Geographers",2,37.16,"Bachelor's degree","$29.54","$44.60",1.6
"454","19-3091","Anthropologists & Archeologists",2,0,"Master's degree","Insf. Data","Insf. Data",1.6
"455","25-1021",NA,2,NA,NA,NA,NA,1.6
"456","25-1031",NA,2,NA,NA,NA,NA,1.6
"457","25-1042",NA,2,NA,NA,NA,NA,1.6
"458","25-1052",NA,2,NA,NA,NA,NA,1.6
"459","25-2051","Special Education Teachers, Preschool",2,25.49,"Bachelor's degree","$21.04","$31.26",1.6
"460","25-2052","Special Education Teachers, Kindergarten & Elementary School",2,28.25,"Bachelor's degree","$23.46","$33.34",1.6
"461","25-4031","Library Technicians",2,15,"Postsecondary nondegree award","$11.94","$17.53",1.6
"462","27-1013","Fine Artists, Including Painters, Sculptors, & Illustrators",2,8.49,"Bachelor's degree","$7.15","$10.19",1.6
"463","27-2042","Musicians & Singers",2,28.3,"No formal educational credential","$21.92","$37.72",1.6
"464","29-1024","Prosthodontists",2,0,"Doctoral or professional degree","Insf. Data","Insf. Data",1.6
"465","29-1029","Dentists, All Other Specialists",2,78.35,"Doctoral or professional degree","$64.60","$87.88",1.6
"466","29-2056","Veterinary Technologists & Technicians",2,12.5,"Associate's degree","$10.56","$15.06",1.6
"467","29-9099","Healthcare Practitioners & Technical Workers, All Other",2,17.25,"Postsecondary nondegree award","$14.96","$23.37",1.6
"468","33-1011","Supervisors of Correctional Officers",2,18.41,"High school diploma or equivalent","$14.68","$23.46",1.6
"469","33-1012","Supervisors of Police & Detectives",2,32.32,"High school diploma or equivalent","$26.76","$39.07",1.6
"470","33-1021","Supervisors of Fire Fighting & Prevention Workers",2,23.65,"Postsecondary nondegree award","$17.03","$30.92",1.6
"471","33-2021","Fire Inspectors & Investigators",2,26.73,"Postsecondary nondegree award","$22.74","$31.63",1.6
"472","39-3011","Gaming Dealers",2,10,"High school diploma or equivalent","$9.19","$10.90",1.6
"473","39-3019","Gaming Service Workers, All Other",2,11.45,"High school diploma or equivalent","$9.46","$14.34",1.6
"474","39-3031","Ushers, Lobby Attendants, & Ticket Takers",2,9.12,"No formal educational credential","$8.58","$9.67",1.6
"475","39-7012","Travel Guides",2,0,"High school diploma or equivalent","Insf. Data","Insf. Data",1.6
"476","41-9012","Models",2,14.64,"No formal educational credential","$12.10","$18.34",1.6
"477","43-4121","Library Assistants, Clerical",2,13.58,"High school diploma or equivalent","$11.33","$16.41",1.6
"478","43-5031","Police, Fire, & Ambulance Dispatchers",2,17.9,"High school diploma or equivalent","$14.22","$21.83",1.6
"479","43-5051","Postal Service Clerks",2,28.3,"High school diploma or equivalent","$18.53","$28.49",1.6
"480","43-9022","Word Processors & Typists",2,16.75,"High school diploma or equivalent","$14.64","$19.43",1.6
"481","43-9071","Office Machine Operators, Except Computer",2,14.3,"High school diploma or equivalent","$11.94","$16.77",1.6
"482","45-1011","Supervisors of Farming, Fishing, & Forestry Workers",2,19.77,"High school diploma or equivalent","$14.90","$23.60",1.6
"483","45-2093","Farmworkers, Farm, Ranch, & Aquacultural Animals",2,11.93,"No formal educational credential","$10.14","$14.80",1.6
"484","47-2071","Paving, Surfacing, & Tamping Equipment Operators",2,16.22,"High school diploma or equivalent","$12.95","$20.56",1.6
"485","47-2231","Solar Photovoltaic Installers",2,16.98,"High school diploma or equivalent","$15.57","$19.00",1.6
"486","47-4051","Highway Maintenance Workers",2,13.92,"High school diploma or equivalent","$11.88","$17.10",1.6
"487","49-9044","Millwrights",2,27.73,"High school diploma or equivalent","$19.84","$33.62",1.6
"488","51-2041","Structural Metal Fabricators & Fitters",2,19.79,"High school diploma or equivalent","$16.66","$28.33",1.6
"489","51-2099","Assemblers & Fabricators, All Other",2,11.27,"High school diploma or equivalent","$9.72","$14.15",1.6
"490","51-4072","Molding, Coremaking, & Casting Machine Setters, Operators, & Tenders, Metal & Plastic",2,15.18,"High school diploma or equivalent","$11.69","$19.10",1.6
"491","51-4191","Heat Treating Equipment Setters, Operators, & Tenders, Metal & Plastic",2,17.27,"High school diploma or equivalent","$14.80","$19.72",1.6
"492","51-4199","Metal Workers & Plastic Workers, All Other",2,13.58,"High school diploma or equivalent","$10.57","$17.49",1.6
"493","51-6099","Textile, Apparel, & Furnishings Workers, All Other",2,12.63,"High school diploma or equivalent","$10.27","$15.52",1.6
"494","51-8021","Stationary Engineers & Boiler Operators",2,21.9,"High school diploma or equivalent","$17.08","$29.43",1.6
"495","51-9011","Chemical Equipment Operators & Tenders",2,23.14,"High school diploma or equivalent","$17.28","$29.45",1.6
"496","51-9041","Extruding, Forming, Pressing, & Compacting Machine Setters, Operators, & Tenders",2,12.47,"High school diploma or equivalent","$9.77","$16.34",1.6
"497","51-9121","Coating, Painting, & Spraying Machine Setters, Operators, & Tenders",2,15.35,"High school diploma or equivalent","$12.42","$20.11",1.6
"498","51-9122","Painters, Transportation Equipment",2,24.68,"High school diploma or equivalent","$20.37","$31.49",1.6
"499","53-2031","Flight Attendants",2,24.01,"High school diploma or equivalent","$20.08","$29.43",1.6
"500","53-3021","Bus Drivers, Transit & Intercity",2,17.19,"High school diploma or equivalent","$12.29","$22.45",1.6
"501","53-3022","Bus Drivers, School or Special Client",2,19.47,"High school diploma or equivalent","$16.03","$23.79",1.6
"502","53-7033","Loading Machine Operators, Underground Mining",2,0,"No formal educational credential","Insf. Data","Insf. Data",1.6
"503","53-7041","Hoist & Winch Operators",2,18.3,"No formal educational credential","$14.12","$24.53",1.6
"504","53-7081","Refuse & Recyclable Material Collectors",2,14.86,"No formal educational credential","$11.51","$17.92",1.6
"505","55-1016",NA,2,NA,NA,NA,NA,1.6
"506","55-3014",NA,2,NA,NA,NA,NA,1.6
"507","11-2011","Advertising & Promotions Managers",1,32.69,"Bachelor's degree","$24.33","$40.06",0.8
"508","13-1075","Labor Relations Specialists",1,25.41,"Bachelor's degree","$9.57","$32.03",0.8
"509","17-2161","Nuclear Engineers",1,45.94,"Bachelor's degree","$37.68","$53.47",0.8
"510","17-2171","Petroleum Engineers",1,57.37,"Bachelor's degree","$57.36","$57.38",0.8
"511","19-1031","Conservation Scientists",1,32.54,"Bachelor's degree","$25.62","$40.62",0.8
"512","19-2011","Astronomers",1,0,"Doctoral or professional degree","Insf. Data","Insf. Data",0.8
"513","19-2012","Physicists",1,48.43,"Doctoral or professional degree","$36.49","$62.61",0.8
"514","19-3032","Industrial-Organizational Psychologists",1,0,"Master's degree","Insf. Data","Insf. Data",0.8
"515","21-1015","Rehabilitation Counselors",1,14.04,"Master's degree","$11.75","$17.40",0.8
"516","23-2099","Legal Support Workers, All Other",1,26.51,"High school diploma or equivalent","$23.16","$29.42",0.8
"517","25-1066",NA,1,NA,NA,NA,NA,0.8
"518","25-1121",NA,1,NA,NA,NA,NA,0.8
"519","25-3011","Adult Basic & Secondary Education & Literacy Teachers & Instructors",1,19.89,"Bachelor's degree","$17.21","$23.57",0.8
"520","25-4012","Curators",1,22.23,"Master's degree","$16.62","$27.57",0.8
"521","25-4013","Museum Technicians & Conservators",1,0,"Bachelor's degree","Insf. Data","Insf. Data",0.8
"522","27-1027","Set & Exhibit Designers",1,20.68,"Bachelor's degree","$16.05","$26.10",0.8
"523","27-2011","Actors",1,11.61,"Some college, no degree","$10.54","$16.02",0.8
"524","27-2021","Athletes & Sports Competitors",1,22.83,"No formal educational credential","$16.77","$29.38",0.8
"525","27-4032","Film & Video Editors",1,20.71,"Bachelor's degree","$17.47","$28.50",0.8
"526","29-1022","Oral & Maxillofacial Surgeons",1,98.24,"Doctoral or professional degree","$90.79","$113.84",0.8
"527","29-1023","Orthodontists",1,83.69,"Doctoral or professional degree","$66.52","$106.98",0.8
"528","29-1129","Therapists, All Other",1,36.1,"Bachelor's degree","$23.94","$43.84",0.8
"529","29-2081","Opticians, Dispensing",1,14.91,"High school diploma or equivalent","$12.19","$18.69",0.8
"530","33-2011","Firefighters",1,18.04,"Postsecondary nondegree award","$14.62","$21.92",0.8
"531","37-2019","Building Cleaning Workers, All Other",1,15.14,"No formal educational credential","$13.26","$16.85",0.8
"532","37-3013","Tree Trimmers & Pruners",1,14.8,"High school diploma or equivalent","$13.28","$16.54",0.8
"533","39-3092","Costume Attendants",1,19.9,"High school diploma or equivalent","$15.21","$27.89",0.8
"534","39-5011","Barbers",1,10.46,"Postsecondary nondegree award","$9.70","$11.21",0.8
"535","39-5091","Makeup Artists, Theatrical & Performance",1,0,"Postsecondary nondegree award","Insf. Data","Insf. Data",0.8
"536","39-9099","Personal Care & Service Workers, All Other",1,11.21,"High school diploma or equivalent","$10.40","$12.70",0.8
"537","41-9021","Real Estate Brokers",1,18.77,"High school diploma or equivalent","$16.55","$22.72",0.8
"538","43-4041","Credit Authorizers, Checkers, & Clerks",1,19,"High school diploma or equivalent","$15.95","$24.08",0.8
"539","43-9081","Proofreaders & Copy Markers",1,17.3,"Bachelor's degree","$14.65","$20.95",0.8
"540","45-2041","Graders & Sorters, Agricultural Products",1,13.03,"No formal educational credential","$11.67","$14.66",0.8
"541","45-4011","Forest & Conservation Workers",1,15.09,"High school diploma or equivalent","$11.22","$19.34",0.8
"542","47-2011","Boilermakers",1,21.33,"High school diploma or equivalent","$17.42","$28.09",0.8
"543","47-2042","Floor Layers, Except Carpet, Wood, & Hard Tiles",1,17.05,"No formal educational credential","$14.44","$20.06",0.8
"544","47-2044","Tile & Marble Setters",1,16.83,"No formal educational credential","$13.72","$19.34",0.8
"545","47-2131","Insulation Workers, Floor, Ceiling, & Wall",1,15.33,"No formal educational credential","$12.47","$18.07",0.8
"546","47-4061","Rail-Track Laying & Maintenance Equipment Operators",1,22.45,"High school diploma or equivalent","$17.92","$25.82",0.8
"547","49-2091","Avionics Technicians",1,26.81,"Associate's degree","$23.29","$31.72",0.8
"548","49-2093","Electrical & Electronics Installers & Repairers, Transportation Equipment",1,26.5,"Postsecondary nondegree award","$22.93","$29.96",0.8
"549","49-2095","Electrical & Electronics Repairers, Powerhouse, Substation, & Relay",1,30.17,"Postsecondary nondegree award","$24.06","$33.59",0.8
"550","49-2096","Electronic Equipment Installers & Repairers, Motor Vehicles",1,13.99,"Postsecondary nondegree award","$11.31","$17.13",0.8
"551","49-3041","Farm Equipment Mechanics & Service Technicians",1,13.82,"High school diploma or equivalent","$11.29","$17.24",0.8
"552","49-3053","Outdoor Power Equipment & Other Small Engine Mechanics",1,14.5,"High school diploma or equivalent","$11.32","$17.34",0.8
"553","49-9064","Watch Repairers",1,13.29,"High school diploma or equivalent","$11.35","$15.52",0.8
"554","49-9081","Wind Turbine Service Technicians",1,0,"Some college, no degree","Insf. Data","Insf. Data",0.8
"555","49-9091","Coin, Vending, & Amusement Machine Servicers & Repairers",1,16.66,"High school diploma or equivalent","$12.63","$20.79",0.8
"556","49-9096","Riggers",1,26.87,"High school diploma or equivalent","$20.05","$30.89",0.8
"557","49-9097","Signal & Track Switch Repairers",1,32.71,"High school diploma or equivalent","$28.82","$36.22",0.8
"558","51-3022","Meat, Poultry, & Fish Cutters & Trimmers",1,13.1,"No formal educational credential","$11.85","$14.30",0.8
"559","51-4012","Computer Numerically Controlled Machine Tool Programmers, Metal & Plastic",1,17.71,"High school diploma or equivalent","$14.12","$21.97",0.8
"560","51-4032","Drilling & Boring Machine Tool Setters, Operators, & Tenders, Metal & Plastic",1,19.69,"High school diploma or equivalent","$15.46","$23.08",0.8
"561","51-4035","Milling & Planing Machine Setters, Operators, & Tenders, Metal & Plastic",1,28.24,"High school diploma or equivalent","$21.42","$32.66",0.8
"562","51-4122","Welding, Soldering, & Brazing Machine Setters, Operators, & Tenders",1,14.62,"High school diploma or equivalent","$12.25","$17.03",0.8
"563","51-6052","Tailors, Dressmakers, & Custom Sewers",1,12.06,"No formal educational credential","$10.79","$13.39",0.8
"564","51-6062","Textile Cutting Machine Setters, Operators, & Tenders",1,12.66,"High school diploma or equivalent","$10.52","$15.50",0.8
"565","51-8012","Power Distributors & Dispatchers",1,41.69,"High school diploma or equivalent","$34.79","$48.09",0.8
"566","51-9051","Furnace, Kiln, Oven, Drier, & Kettle Operators & Tenders",1,19.17,"High school diploma or equivalent","$14.70","$24.15",0.8
"567","51-9083","Ophthalmic Laboratory Technicians",1,14.66,"High school diploma or equivalent","$12.05","$17.46",0.8
"568","51-9191","Adhesive Bonding Machine Operators & Tenders",1,14.71,"High school diploma or equivalent","$12.26","$18.12",0.8
"569","51-9192","Cleaning, Washing, & Metal Pickling Equipment Operators & Tenders",1,12.33,"No formal educational credential","$10.98","$15.07",0.8
"570","53-1011","Aircraft Cargo HandlingSupervisors",1,24.39,"High school diploma or equivalent","$19.52","$31.99",0.8
"571","53-4031","Railroad Conductors & Yardmasters",1,31.46,"High school diploma or equivalent","$26.01","$37.91",0.8
"572","53-6041","Traffic Technicians",1,22.97,"High school diploma or equivalent","$18.59","$31.18",0.8
"573","53-6061","Transportation Attendants, Except Flight Attendants",1,13.83,"High school diploma or equivalent","$10.85","$18.63",0.8
"574","11-1031","Legislators",NA,10.1,"Bachelor's degree","$9.03","$23.27",NA
"575","11-9061","Funeral Service Managers",NA,28.07,"Associate's degree","$22.47","$34.42",NA
"576","11-9071","Gaming Managers",NA,30.32,"High school diploma or equivalent","$24.05","$39.68",NA
"577","11-9131","Postmasters & Mail Superintendents",NA,34.69,"High school diploma or equivalent","$30.49","$40.00",NA
"578","13-1011","Agents & Business Managers of Artists, Performers, & Athletes",NA,20.48,"Bachelor's degree","$17.90","$27.86",NA
"579","13-1074","Farm Labor Contractors",NA,0,"No formal educational credential","Insf. Data","Insf. Data",NA
"580","13-2081","Tax Examiners & Collectors, & Revenue Agents",NA,25.77,"Bachelor's degree","$19.61","$34.02",NA
"581","15-2021","Mathematicians",NA,41.87,"Master's degree","$31.73","$51.55",NA
"582","15-2091","Mathematical Technicians",NA,0,"Bachelor's degree","Insf. Data","Insf. Data",NA
"583","15-2099","Mathematical Science Occupations, All Other",NA,27.96,"Bachelor's degree","$18.75","$39.89",NA
"584","17-1012","Landscape Architects",NA,25.58,"Bachelor's degree","$21.41","$31.04",NA
"585","17-1021","Cartographers & Photogrammetrists",NA,23.05,"Bachelor's degree","$19.34","$27.69",NA
"586","17-1022","Surveyors",NA,21.75,"Bachelor's degree","$18.42","$26.54",NA
"587","17-2011","Aerospace Engineers",NA,41.32,"Bachelor's degree","$34.49","$48.07",NA
"588","17-2021","Agricultural Engineers",NA,0,"Bachelor's degree","Insf. Data","Insf. Data",NA
"589","17-2031","Biomedical Engineers",NA,34.37,"Bachelor's degree","$30.73","$39.91",NA
"590","17-2072","Electronics Engineers, Except Computer",NA,37.87,"Bachelor's degree","$32.34","$48.23",NA
"591","17-2121","Marine Engineers & Naval Architects",NA,39.4,"Bachelor's degree","$33.25","$47.45",NA
"592","17-2151","Mining & Geological Engineers, Including Mining Safety Engineers",NA,42.62,"Bachelor's degree","$31.72","$56.81",NA
"593","17-3021","Aerospace Engineering & Operations Technicians",NA,0,"Associate's degree","Insf. Data","Insf. Data",NA
"594","17-3025","Environmental Engineering Technicians",NA,23.96,"Associate's degree","$20.62","$29.99",NA
"595","19-1011","Animal Scientists",NA,0,"Bachelor's degree","Insf. Data","Insf. Data",NA
"596","19-1021","Biochemists & Biophysicists",NA,37.24,"Doctoral or professional degree","$29.14","$48.46",NA
"597","19-1032","Foresters",NA,25.56,"Bachelor's degree","$22.19","$28.62",NA
"598","19-1041","Epidemiologists",NA,31.12,"Master's degree","$25.56","$36.99",NA
"599","19-1099","Life Scientists, All Other",NA,31.26,"Bachelor's degree","$26.47","$37.10",NA
"600","19-2021","Atmospheric & Space Scientists",NA,43.36,"Bachelor's degree","$28.56","$51.14",NA
"601","19-2032","Materials Scientists",NA,0,"Bachelor's degree","Insf. Data","Insf. Data",NA
"602","19-2043","Hydrologists",NA,30.71,"Bachelor's degree","$25.41","$36.10",NA
"603","19-2099","Physical Scientists, All Other",NA,27.49,"Bachelor's degree","$21.70","$37.09",NA
"604","19-3011","Economists",NA,38.88,"Master's degree","$31.08","$47.46",NA
"605","19-3041","Sociologists",NA,0,"Master's degree","Insf. Data","Insf. Data",NA
"606","19-3092","Geographers",NA,0,"Bachelor's degree","Insf. Data","Insf. Data",NA
"607","19-3093","Historians",NA,0,"Master's degree","Insf. Data","Insf. Data",NA
"608","19-3094","Political Scientists",NA,0,"Master's degree","Insf. Data","Insf. Data",NA
"609","19-3099","Social Scientists & Related Workers, All Other",NA,34.24,"Bachelor's degree","$26.81","$41.66",NA
"610","19-4011","Agricultural & Food Science Technicians",NA,18.71,"Associate's degree","$15.50","$22.12",NA
"611","19-4021","Biological Technicians",NA,17.66,"Bachelor's degree","$13.79","$22.47",NA
"612","19-4051","Nuclear Technicians",NA,0,"Associate's degree","Insf. Data","Insf. Data",NA
"613","19-4061","Social Science Research Assistants",NA,20.54,"Bachelor's degree","$16.68","$25.40",NA
"614","19-4093","Forest & Conservation Technicians",NA,18.03,"Associate's degree","$15.26","$21.67",NA
"615","21-1092","Probation Officers & Correctional Treatment Specialists",NA,17.64,"Bachelor's degree","$15.25","$20.12",NA
"616","21-2099","Religious Workers, All Other",NA,14.61,"Bachelor's degree","$10.74","$21.28",NA
"617","23-1021","Administrative Law Judges, Adjudicators, & Hearing Officers",NA,22.26,"Doctoral or professional degree","$19.69","$36.21",NA
"618","23-1022","Arbitrators, Mediators, & Conciliators",NA,22.11,"Bachelor's degree","$19.69","$26.20",NA
"619","23-1023","Judges, Magistrate Judges, & Magistrates",NA,60,"Doctoral or professional degree","$31.71","$63.89",NA
"620","23-2091","Court Reporters",NA,20.77,"Postsecondary nondegree award","$18.67","$24.31",NA
"621","25-1099","Postsecondary Teachers",NA,29.44,"Doctoral or professional degree","$22.58","$38.43",NA
"622","25-2023","CTE Teachers, Middle School",NA,0,"Bachelor's degree","Insf. Data","Insf. Data",NA
"623","25-2032","CTE Teachers, Secondary School",NA,27.73,"Bachelor's degree","$24.13","$31.33",NA
"624","25-3098","Substitute Teachers",NA,11.41,"Bachelor's degree","$10.10","$12.80",NA
"625","25-4011","Archivists",NA,23.82,"Master's degree","$21.01","$27.08",NA
"626","25-9011","Audio-Visual & Multimedia Collections Specialists",NA,0,"Bachelor's degree","Insf. Data","Insf. Data",NA
"627","25-9099","Education, Training, & Library Workers, All Other",NA,12.92,"Bachelor's degree","$9.64","$18.19",NA
"628","27-1012","Craft Artists",NA,6.55,"No formal educational credential","$5.75","$7.50",NA
"629","27-1019","Artists & Related Workers, All Other",NA,17.69,"No formal educational credential","$13.70","$22.19",NA
"630","27-1023","Floral Designers",NA,13.02,"High school diploma or equivalent","$11.29","$15.02",NA
"631","27-2031","Dancers",NA,13.96,"No formal educational credential","$11.33","$17.75",NA
"632","27-2032","Choreographers",NA,19.41,"High school diploma or equivalent","$14.59","$24.81",NA
"633","27-2099","Entertainers & Performers, Sports & Related Workers, All Other",NA,21.79,"No formal educational credential","$18.30","$26.34",NA
"634","27-3012","Public Address System & Other Announcers",NA,13.65,"High school diploma or equivalent","$11.33","$17.07",NA
"635","27-3021","Broadcast News Analysts",NA,33.24,"Bachelor's degree","$21.79","$50.14",NA
"636","27-3099","Media & Communication Workers, All Other",NA,19.24,"High school diploma or equivalent","$14.20","$22.84",NA
"637","27-4013","Radio Operators",NA,0,"High school diploma or equivalent","Insf. Data","Insf. Data",NA
"638","27-4099","Media & Communication Equipment Workers, All Other",NA,24.84,"High school diploma or equivalent","$18.17","$32.43",NA
"639","29-1011","Chiropractors",NA,25.15,"Doctoral or professional degree","$21.26","$29.56",NA
"640","29-1065","Pediatricians, General",NA,72.76,"Doctoral or professional degree","$57.90","$87.39",NA
"641","29-1161","Nurse Midwives",NA,45.9,"Master's degree","$40.43","$52.76",NA
"642","29-2033","Nuclear Medicine Technologists",NA,30.09,"Associate's degree","$26.35","$34.96",NA
"643","29-2054","Respiratory Therapy Technicians",NA,24.01,"Associate's degree","$19.58","$28.28",NA
"644","29-2091","Orthotists & Prosthetists",NA,27.08,"Master's degree","$20.99","$33.73",NA
"645","29-9092","Genetic Counselors",NA,0,"Master's degree","Insf. Data","Insf. Data",NA
"646","31-1013","Psychiatric Aides",NA,12.11,"High school diploma or equivalent","$10.60","$14.32",NA
"647","33-2022","Forest Fire Inspectors & Prevention Specialists",NA,0,"High school diploma or equivalent","Insf. Data","Insf. Data",NA
"648","33-3011","Bailiffs",NA,11.13,"High school diploma or equivalent","$9.85","$13.42",NA
"649","33-3031","Fish & Game Wardens",NA,0,"Bachelor's degree","Insf. Data","Insf. Data",NA
"650","33-3041","Parking Enforcement Workers",NA,16.48,"High school diploma or equivalent","$13.42","$20.37",NA
"651","33-3052","Transit & Railroad Police",NA,0,"High school diploma or equivalent","Insf. Data","Insf. Data",NA
"652","33-9011","Animal Control Workers",NA,13.8,"High school diploma or equivalent","$11.56","$16.34",NA
"653","33-9031","Gaming Surveillance Officers & Gaming Investigators",NA,17.09,"High school diploma or equivalent","$14.18","$21.48",NA
"654","33-9091","Crossing Guards",NA,13.11,"No formal educational credential","$11.47","$15.71",NA
"655","35-2011","Cooks, Fast Food",NA,9.33,"No formal educational credential","$8.65","$10.06",NA
"656","35-2013","Cooks, Private Household",NA,0,"Postsecondary nondegree award","Insf. Data","Insf. Data",NA
"657","35-2019","Cooks, All Other",NA,13.57,"No formal educational credential","$10.81","$16.17",NA
"658","35-9099","Food Preparation & Serving Related Workers, All Other",NA,9.37,"No formal educational credential","$8.67","$10.39",NA
"659","37-1012","Supervisors of Landscaping, Lawn Service, & Groundskeeping Workers",NA,19.04,"High school diploma or equivalent","$14.91","$22.02",NA
"660","37-3019","Grounds Maintenance Workers, All Other",NA,23.32,"No formal educational credential","$16.88","$27.89",NA
"661","39-1012","SlotSupervisors",NA,18.59,"High school diploma or equivalent","$15.07","$22.96",NA
"662","39-3012","Gaming & Sports Book Writers & Runners",NA,12.96,"High school diploma or equivalent","$10.65","$17.18",NA
"663","39-3021","Motion Picture Projectionists",NA,10.33,"No formal educational credential","$9.15","$12.64",NA
"664","39-3099","Entertainment Attendants & Related Workers, All Other",NA,11.68,"High school diploma or equivalent","$9.98","$13.74",NA
"665","39-4011","Embalmers",NA,13.84,"Postsecondary nondegree award","$11.37","$17.14",NA
"666","39-4021","Funeral Attendants",NA,10.65,"High school diploma or equivalent","$9.38","$12.57",NA
"667","39-4031","Morticians, Undertakers, & Funeral Directors",NA,24.98,"Associate's degree","$17.98","$30.49",NA
"668","39-5092","Manicurists & Pedicurists",NA,11.11,"Postsecondary nondegree award","$9.97","$12.72",NA
"669","39-5093","Shampooers",NA,9.46,"No formal educational credential","$8.74","$10.23",NA
"670","39-5094","Skincare Specialists",NA,15.82,"Postsecondary nondegree award","$10.76","$18.63",NA
"671","39-7011","Tour Guides & Escorts",NA,11.12,"High school diploma or equivalent","$9.97","$14.09",NA
"672","41-2012","Gaming Change Persons & Booth Cashiers",NA,12.21,"High school diploma or equivalent","$10.56","$15.31",NA
"673","43-2099","Communications Equipment Operators, All Other",NA,0,"High school diploma or equivalent","Insf. Data","Insf. Data",NA
"674","43-3041","Gaming Cage Workers",NA,12.55,"High school diploma or equivalent","$10.69","$15.14",NA
"675","43-3099","Financial Clerks, All Other",NA,22.74,"High school diploma or equivalent","$18.61","$25.87",NA
"676","43-4021","Correspondence Clerks",NA,19.4,"High school diploma or equivalent","$16.86","$23.29",NA
"677","43-4141","New Accounts Clerks",NA,17.51,"High school diploma or equivalent","$15.17","$19.87",NA
"678","43-4181","Reservation & Transportation Ticket Agents & Travel Clerks",NA,16.24,"High school diploma or equivalent","$12.33","$24.05",NA
"679","43-4199","Information & Record Clerks, All Other",NA,16.31,"High school diploma or equivalent","$13.29","$19.46",NA
"680","43-5052","Postal Service Mail Carriers",NA,27.96,"High school diploma or equivalent","$19.94","$29.19",NA
"681","43-9031","Desktop Publishers",NA,19.76,"Associate's degree","$17.16","$23.51",NA
"682","45-2011","Agricultural Inspectors",NA,25.12,"Bachelor's degree","$18.52","$27.70",NA
"683","45-2021","Animal Breeders",NA,0,"High school diploma or equivalent","Insf. Data","Insf. Data",NA
"684","45-2091","Agricultural Equipment Operators",NA,13.47,"No formal educational credential","$10.94","$17.26",NA
"685","45-2099","Agricultural Workers, All Other",NA,15.38,"No formal educational credential","$12.40","$18.07",NA
"686","45-3011","Fishers & Related Fishing Workers",NA,14.78,"No formal educational credential","$13.61","$16.81",NA
"687","45-3021","Hunters & Trappers",NA,0,"No formal educational credential","Insf. Data","Insf. Data",NA
"688","45-4021","Fallers",NA,18.53,"High school diploma or equivalent","$13.91","$24.76",NA
"689","45-4022","Logging Equipment Operators",NA,17.15,"High school diploma or equivalent","$14.04","$19.47",NA
"690","47-2021","Brickmasons & Blockmasons",NA,18.73,"High school diploma or equivalent","$15.82","$22.47",NA
"691","47-2022","Stonemasons",NA,15.91,"High school diploma or equivalent","$13.50","$18.26",NA
"692","47-2041","Carpet Installers",NA,14.14,"No formal educational credential","$11.72","$16.63",NA
"693","47-2043","Floor Sanders & Finishers",NA,15.25,"No formal educational credential","$12.88","$17.77",NA
"694","47-2053","Terrazzo Workers & Finishers",NA,0,"High school diploma or equivalent","Insf. Data","Insf. Data",NA
"695","47-2072","Pile-Driver Operators",NA,0,"High school diploma or equivalent","Insf. Data","Insf. Data",NA
"696","47-2082","Tapers",NA,23.74,"No formal educational credential","$20.25","$25.84",NA
"697","47-2132","Insulation Workers, Mechanical",NA,34.22,"High school diploma or equivalent","$25.43","$40.89",NA
"698","47-2142","Paperhangers",NA,14.2,"No formal educational credential","$12.53","$16.20",NA
"699","47-2151","Pipelayers",NA,15.88,"No formal educational credential","$12.53","$20.42",NA
"700","47-2161","Plasterers & Stucco Masons",NA,16.99,"No formal educational credential","$15.58","$18.56",NA
"701","47-2171","Reinforcing Iron & Rebar Workers",NA,23.27,"High school diploma or equivalent","$18.03","$28.48",NA
"702","47-3011","Helpers--Brickmasons, Blockmasons, Stonemasons, & Tile & Marble Setters",NA,12.73,"No formal educational credential","$10.82","$15.20",NA
"703","47-3012","Helpers--Carpenters",NA,15.95,"No formal educational credential","$13.95","$17.88",NA
"704","47-3013","Helpers--Electricians",NA,12.54,"High school diploma or equivalent","$10.97","$14.31",NA
"705","47-3014","Helpers--Painters, Paperhangers, Plasterers, & Stucco Masons",NA,11.6,"No formal educational credential","$10.28","$12.64",NA
"706","47-3015","Helpers--Pipelayers, Plumbers, Pipefitters, & Steamfitters",NA,12.43,"High school diploma or equivalent","$10.44","$14.98",NA
"707","47-3016","Helpers--Roofers",NA,12.96,"No formal educational credential","$10.82","$15.42",NA
"708","47-3019","Helpers, Construction Trades, All Other",NA,18.53,"No formal educational credential","$15.36","$21.64",NA
"709","47-4021","Elevator Installers & Repairers",NA,30.41,"High school diploma or equivalent","$26.32","$35.56",NA
"710","47-4071","Septic Tank Servicers & Sewer Pipe Cleaners",NA,13.19,"No formal educational credential","$11.28","$15.65",NA
"711","47-4091","Segmental Pavers",NA,0,"High school diploma or equivalent","Insf. Data","Insf. Data",NA
"712","47-5011","Derrick Operators, Oil & Gas",NA,0,"No formal educational credential","Insf. Data","Insf. Data",NA
"713","47-5012","Rotary Drill Operators, Oil & Gas",NA,0,"No formal educational credential","Insf. Data","Insf. Data",NA
"714","47-5013","Service Unit Operators, Oil, Gas, & Mining",NA,19.48,"No formal educational credential","$19.48","$19.48",NA
"715","47-5021","Earth Drillers, Except Oil & Gas",NA,21.66,"High school diploma or equivalent","$18.73","$25.40",NA
"716","47-5031","Explosives Workers, Ordnance Handling Experts, & Blasters",NA,20.13,"High school diploma or equivalent","$18.10","$23.64",NA
"717","47-5041","Continuous Mining Machine Operators",NA,22.12,"No formal educational credential","$19.71","$25.54",NA
"718","47-5042","Mine Cutting & Channeling Machine Operators",NA,0,"High school diploma or equivalent","Insf. Data","Insf. Data",NA
"719","47-5049","Mining Machine Operators, All Other",NA,21.21,"High school diploma or equivalent","$18.49","$24.09",NA
"720","47-5051","Rock Splitters, Quarry",NA,17.92,"No formal educational credential","$15.04","$20.84",NA
"721","47-5061","Roof Bolters, Mining",NA,0,"High school diploma or equivalent","Insf. Data","Insf. Data",NA
"722","47-5081","Helpers--Extraction Workers",NA,18.76,"High school diploma or equivalent","$14.68","$21.74",NA
"723","47-5099","Extraction Workers, All Other",NA,0,"High school diploma or equivalent","Insf. Data","Insf. Data",NA
"724","49-2021","Radio, Cellular, & Tower Equipment Installers & Repairs",NA,30.42,"Associate's degree","$19.18","$35.30",NA
"725","49-3022","Automotive Glass Installers & Repairers",NA,15.43,"High school diploma or equivalent","$12.49","$17.32",NA
"726","49-3043","Rail Car Repairers",NA,24.24,"High school diploma or equivalent","$20.56","$27.16",NA
"727","49-3051","Motorboat Mechanics & Service Technicians",NA,15.31,"High school diploma or equivalent","$12.77","$18.50",NA
"728","49-3052","Motorcycle Mechanics",NA,14.97,"Postsecondary nondegree award","$11.74","$18.22",NA
"729","49-3092","Recreational Vehicle Service Technicians",NA,16.09,"High school diploma or equivalent","$13.90","$17.87",NA
"730","49-9011","Mechanical Door Repairers",NA,18.99,"High school diploma or equivalent","$15.58","$22.42",NA
"731","49-9043","Maintenance Workers, Machinery",NA,21.56,"High school diploma or equivalent","$17.29","$25.74",NA
"732","49-9045","Refractory Materials Repairers, Except Brickmasons",NA,0,"High school diploma or equivalent","Insf. Data","Insf. Data",NA
"733","49-9061","Camera & Photographic Equipment Repairers",NA,21.3,"Associate's degree","$15.50","$27.58",NA
"734","49-9063","Musical Instrument Repairers & Tuners",NA,19.05,"High school diploma or equivalent","$14.62","$23.57",NA
"735","49-9069","Precision Instrument & Equipment Repairers, All Other",NA,26.97,"High school diploma or equivalent","$21.81","$31.16",NA
"736","49-9092","Commercial Divers",NA,22.48,"Postsecondary nondegree award","$18.85","$27.12",NA
"737","49-9093","Fabric Menders, Except Garment",NA,0,"No formal educational credential","Insf. Data","Insf. Data",NA
"738","49-9094","Locksmiths & Safe Repairers",NA,14.41,"High school diploma or equivalent","$12.52","$16.75",NA
"739","49-9095","Manufactured Building & Mobile Home Installers",NA,15.08,"High school diploma or equivalent","$12.32","$18.58",NA
"740","51-2021","Coil Winders, Tapers, & Finishers",NA,13.37,"High school diploma or equivalent","$10.84","$16.23",NA
"741","51-2023","Electromechanical Equipment Assemblers",NA,17.58,"High school diploma or equivalent","$14.82","$20.72",NA
"742","51-2031","Engine & Other Machine Assemblers",NA,14.16,"High school diploma or equivalent","$12.00","$18.93",NA
"743","51-2091","Fiberglass Laminators & Fabricators",NA,15.27,"High school diploma or equivalent","$12.28","$18.96",NA
"744","51-2093","Timing Device Assemblers & Adjusters",NA,0,"High school diploma or equivalent","Insf. Data","Insf. Data",NA
"745","51-3023","Slaughterers & Meat Packers",NA,14.45,"No formal educational credential","$12.32","$16.70",NA
"746","51-3091","Food & Tobacco Roasting, Baking, & Drying Machine Operators & Tenders",NA,13.72,"No formal educational credential","$12.53","$15.26",NA
"747","51-3093","Food Cooking Machine Operators & Tenders",NA,17.37,"High school diploma or equivalent","$14.48","$20.85",NA
"748","51-3099","Food Processing Workers, All Other",NA,10.45,"No formal educational credential","$9.02","$14.29",NA
"749","51-4022","Forging Machine Setters, Operators, & Tenders, Metal & Plastic",NA,20.82,"High school diploma or equivalent","$15.85","$24.27",NA
"750","51-4023","Rolling Machine Setters, Operators, & Tenders, Metal & Plastic",NA,17.42,"High school diploma or equivalent","$14.77","$20.40",NA
"751","51-4034","Lathe & Turning Machine Tool Setters, Operators, & Tenders, Metal & Plastic",NA,20.29,"High school diploma or equivalent","$15.91","$23.55",NA
"752","51-4051","Metal-Refining Furnace Operators & Tenders",NA,20.9,"High school diploma or equivalent","$17.09","$24.30",NA
"753","51-4052","Pourers & Casters, Metal",NA,15.78,"High school diploma or equivalent","$13.08","$19.62",NA
"754","51-4061","Model Makers, Metal & Plastic",NA,19.42,"High school diploma or equivalent","$14.69","$26.90",NA
"755","51-4062","Patternmakers, Metal & Plastic",NA,0,"High school diploma or equivalent","Insf. Data","Insf. Data",NA
"756","51-4071","Foundry Mold & Coremakers",NA,15.25,"High school diploma or equivalent","$12.51","$18.22",NA
"757","51-4081","Multiple Machine Tool Setters, Operators, & Tenders, Metal & Plastic",NA,16.35,"High school diploma or equivalent","$13.12","$18.72",NA
"758","51-4192","Layout Workers, Metal & Plastic",NA,21.8,"High school diploma or equivalent","$17.99","$26.53",NA
"759","51-4193","Plating & Coating Machine Setters, Operators, & Tenders, Metal & Plastic",NA,13.36,"High school diploma or equivalent","$11.42","$16.43",NA
"760","51-4194","Tool Grinders, Filers, & Sharpeners",NA,12.92,"High school diploma or equivalent","$10.98","$15.76",NA
"761","51-6021","Pressers, Textile, Garment, & Related Materials",NA,9.56,"No formal educational credential","$8.76","$10.94",NA
"762","51-6041","Shoe & Leather Workers & Repairers",NA,11.05,"High school diploma or equivalent","$10.05","$12.35",NA
"763","51-6051","Sewers, Hand",NA,9.39,"No formal educational credential","$8.28","$10.62",NA
"764","51-6061","Textile Bleaching & Dyeing Machine Operators & Tenders",NA,0,"High school diploma or equivalent","Insf. Data","Insf. Data",NA
"765","51-6063","Textile Knitting & Weaving Machine Setters, Operators, & Tenders",NA,11.62,"High school diploma or equivalent","$9.76","$13.75",NA
"766","51-6091","Extruding & Forming Machine Setters, Operators, & Tenders, Synthetic & Glass Fibers",NA,16.62,"High school diploma or equivalent","$13.96","$19.48",NA
"767","51-6092","Fabric & Apparel Patternmakers",NA,0,"High school diploma or equivalent","Insf. Data","Insf. Data",NA
"768","51-6093","Upholsterers",NA,12.91,"High school diploma or equivalent","$11.07","$15.21",NA
"769","51-7021","Furniture Finishers",NA,13.15,"High school diploma or equivalent","$11.60","$15.22",NA
"770","51-7031","Model Makers, Wood",NA,0,"High school diploma or equivalent","Insf. Data","Insf. Data",NA
"771","51-7032","Patternmakers, Wood",NA,0,"High school diploma or equivalent","Insf. Data","Insf. Data",NA
"772","51-7042","Woodworking Machine Setters, Operators, & Tenders, Except Sawing",NA,14.63,"High school diploma or equivalent","$12.09","$17.67",NA
"773","51-7099","Woodworkers, All Other",NA,15.2,"High school diploma or equivalent","$12.77","$18.41",NA
"774","51-8011","Nuclear Power Reactor Operators",NA,0,"High school diploma or equivalent","Insf. Data","Insf. Data",NA
"775","51-8031","Water & Wastewater Treatment Plant & System Operators",NA,17.71,"High school diploma or equivalent","$14.84","$21.25",NA
"776","51-8091","Chemical Plant & System Operators",NA,29.54,"High school diploma or equivalent","$22.38","$35.62",NA
"777","51-8099","Plant & System Operators, All Other",NA,32.43,"High school diploma or equivalent","$25.19","$38.63",NA
"778","51-9022","Grinding & Polishing Workers, Hand",NA,13.71,"No formal educational credential","$12.20","$15.36",NA
"779","51-9031","Cutters & Trimmers, Hand",NA,14.33,"No formal educational credential","$11.72","$17.54",NA
"780","51-9071","Jewelers & Precious Stone & Metal Workers",NA,15.32,"High school diploma or equivalent","$12.39","$18.84",NA
"781","51-9082","Medical Appliance Technicians",NA,15.86,"High school diploma or equivalent","$12.72","$20.60",NA
"782","51-9123","Painting, Coating, & Decorating Workers",NA,14.83,"No formal educational credential","$11.97","$17.12",NA
"783","51-9141","Semiconductor Processors",NA,19.24,"Associate's degree","$16.35","$23.35",NA
"784","51-9193","Cooling & Freezing Equipment Operators & Tenders",NA,10.95,"High school diploma or equivalent","$9.36","$13.40",NA
"785","51-9194","Etchers & Engravers",NA,13.6,"High school diploma or equivalent","$11.00","$16.68",NA
"786","51-9196","Paper Goods Machine Setters, Operators, & Tenders",NA,13.71,"High school diploma or equivalent","$11.34","$18.39",NA
"787","53-2011","Airline Pilots, Copilots, & Flight Engineers",NA,62.46,"Bachelor's degree","$47.31","$86.30",NA
"788","53-3011","Ambulance Drivers & Attendants, Except Emergency Medical Technicians",NA,12.81,"High school diploma or equivalent","$11.15","$15.58",NA
"789","53-4011","Locomotive Engineers",NA,30.71,"High school diploma or equivalent","$26.35","$37.07",NA
"790","53-4012","Locomotive Firers",NA,0,"High school diploma or equivalent","Insf. Data","Insf. Data",NA
"791","53-4013","Rail Yard Engineers, Dinkey Operators, & Hostlers",NA,24.97,"High school diploma or equivalent","$19.47","$29.92",NA
"792","53-4021","Railroad Brake, Signal, & Switch Operators",NA,28,"High school diploma or equivalent","$23.51","$34.50",NA
"793","53-4041","Subway & Streetcar Operators",NA,34.08,"High school diploma or equivalent","$28.80","$39.57",NA
"794","53-4099","Rail Transportation Workers, All Other",NA,29.13,"High school diploma or equivalent","$21.97","$37.09",NA
"795","53-5022","Motorboat Operators",NA,17.6,"Postsecondary nondegree award","$11.99","$27.69",NA
"796","53-5031","Ship Engineers",NA,38.04,"Postsecondary nondegree award","$29.98","$46.96",NA
"797","53-6011","Bridge & Lock Tenders",NA,27.27,"High school diploma or equivalent","$23.86","$29.70",NA
"798","53-6099","Transportation Workers, All Other",NA,13.42,"High school diploma or equivalent","$9.25","$22.18",NA
"799","53-7011","Conveyor Operators & Tenders",NA,22.7,"No formal educational credential","$17.52","$27.35",NA
"800","53-7031","Dredge Operators",NA,19.18,"High school diploma or equivalent","$16.68","$24.07",NA
"801","53-7032","Excavating & Loading Machine & Dragline Operators",NA,18.61,"High school diploma or equivalent","$15.03","$22.83",NA
"802","53-7071","Gas Compressor & Gas Pumping Station Operators",NA,26.79,"High school diploma or equivalent","$23.20","$33.87",NA
"803","53-7072","Pump Operators, Except Wellhead Pumpers",NA,19.13,"High school diploma or equivalent","$15.05","$24.12",NA
"804","53-7073","Wellhead Pumpers",NA,0,"High school diploma or equivalent","Insf. Data","Insf. Data",NA
"805","53-7111","Mine Shuttle Car Operators",NA,0,"No formal educational credential","Insf. Data","Insf. Data",NA
"806","55-9999","Military occupations",NA,16.27,"N/A","$11.86","$18.12",NA
"807","99-9999","Unclassified Occupation",NA,0,"N/A","$0.00","$0.00",NA
